date	Abdominal obesity	isPartial	Abdominal pain	Acne	Actinic keratosis	Acute bronchitis	Adrenal crisis	Ageusia	Alcoholism	Allergic conjunctivitis	Allergy	Amblyopia	Amenorrhea	Amnesia	Anal fissure	Anaphylaxis	Anemia	Angina pectoris	Angioedema	Angular cheilitis	Anosmia	Anxiety	Aphasia	Aphonia	Apnea	Arthralgia	Arthritis	Ascites	Asperger syndrome	Asphyxia	Asthma	Astigmatism	Ataxia	Atheroma	Attention deficit hyperactivity disorder	Auditory hallucination	Autoimmune disease	Avoidant personality disorder	Back pain	Bacterial vaginosis	Balance disorder	Beau's lines	Bell's palsy	Biliary colic	Binge eating	Bleeding	Bleeding on probing	Blepharospasm	Bloating	Blood in stool	Blurred vision	Blushing	Boil	Bone fracture	Bone tumor	Bowel obstruction	Bradycardia	Braxton Hicks contractions	Breakthrough bleeding	Breast pain	Bronchitis	Bruise	Bruxism	Bunion	Burn	Burning Chest Pain	Burning mouth syndrome	Candidiasis	Canker sore	Cardiac arrest	Carpal tunnel syndrome	Cataplexy	Cataract	Chancre	Cheilitis	Chest pain	Chills	Chorea	Chronic pain	Cirrhosis	Cleft lip and cleft palate	Clouding of consciousness	Cluster headache	Colitis	Coma	Common cold	Compulsive behavior	Compulsive hoarding	Confusion	Congenital heart defect	Conjunctivitis	Constipation	Convulsion	Cough	Crackles	Cramp	Crepitus	Croup	Cyanosis	Dandruff	Delayed onset muscle soreness	Dementia	Dentin hypersensitivity	Depersonalization	Depression	Dermatitis	Desquamation	Developmental disability	Diabetes	Diabetic ketoacidosis	Diarrhoea	Dizziness	Dry eye syndrome	Dysautonomia	Dysgeusia	Dysmenorrhea	Dyspareunia	Dysphagia	Dysphoria	Dystonia	Dysuria	Ear pain	Eczema	Edema	Encephalitis	Encephalopathy	Epidermoid cyst	Epilepsy	Epiphora	Erectile dysfunction	Erythema	Erythema chronicum migrans	Esophagitis	Excessive daytime sleepiness	Eye pain	Eye strain	Facial nerve paralysis	Facial swelling	Fasciculation	Fatigue	Fatty liver disease	Fecal incontinence	Fever	Fibrillation	Fibrocystic breast changes	Fibromyalgia	Flatulence	Floater	Focal seizure	Folate deficiency	Food craving	Food intolerance	Frequent urination	Gastroesophageal reflux disease	Gastroparesis	Generalized anxiety disorder	Gingival recession	Gingivitis	Globus pharyngis	Goitre	Gout	Grandiosity	Granuloma	Guilt	Hair loss	Halitosis	Hay fever	Headache	Heart arrhythmia	Heart murmur	Heartburn	Hematochezia	Hematoma	Hematuria	Hemolysis	Hemoptysis	Hemorrhoids	Hepatic encephalopathy	Hepatitis	Hepatotoxicity	Hiccup	Hip pain	Hives	Hot flash	Hydrocephalus	Hypercalcaemia	Hypercapnia	Hypercholesterolemia	Hyperemesis gravidarum	Hyperglycemia	Hyperkalemia	Hyperlipidemia	Hypermobility	Hyperpigmentation	Hypersomnia	Hypertension	Hyperthermia	Hyperthyroidism	Hypertriglyceridemia	Hypertrophy	Hyperventilation	Hypocalcaemia	Hypochondriasis	Hypoglycemia	Hypogonadism	Hypokalemia	Hypomania	Hyponatremia	Hypotension	Hypothyroidism	Hypoxemia	Hypoxia	Impetigo	Implantation bleeding	Impulsivity	Indigestion	Infection	Inflammation	Inflammatory bowel disease	Ingrown hair	Insomnia	Insulin resistance	Intermenstrual bleeding	Intracranial pressure	Iron deficiency	Irregular menstruation	Itch	Jaundice	Kidney failure	Kidney stone	Knee Pain	Kyphosis	Lactose intolerance	Laryngitis	Leg cramps	Lesion	Leukorrhea	Lightheadedness	Low back pain	Low-grade fever	Loss of taste or smell	Major depressive disorder	Malabsorption	Male infertility	Manic Disorder	Melasma	Melena	Meningitis	Menorrhagia	Middle back pain	Migraine	Milium	Mitral insufficiency	Mood disorder	Mood swing	Morning sickness	Motion sickness	Mouth ulcer	Muscle atrophy	Muscle weakness	Myalgia	Mydriasis	Myocardial infarction	Myoclonus	Nasal congestion	Nasal polyp	Nausea	Neck mass	Neck pain	Neonatal jaundice	Nerve injury	Neuralgia	Neutropenia	Night sweats	Night terror	Nocturnal enuresis	Nodule	Nosebleed	Nystagmus	Obesity	Onychorrhexis	Oral candidiasis	Orthostatic hypotension	Osteopenia	Osteophyte	Osteoporosis	Otitis	Otitis externa	Otitis media	Pain	Palpitations	Panic attack	Papule	Paranoia	Paresthesia	Pelvic inflammatory disease	Pericarditis	Periodontal disease	Periorbital puffiness	Peripheral neuropathy	Perspiration	Petechia	Phlegm	Photodermatitis	Photophobia	Photopsia	Pleural effusion	Pleurisy	Pneumonia	Podalgia	Polycythemia	Polydipsia	Polyneuropathy	Polyuria	Poor posture	Post-nasal drip	Postural orthostatic tachycardia syndrome	Prediabetes	Proteinuria	Pruritus ani	Psychosis	Ptosis	Pulmonary edema	Pulmonary hypertension	Purpura	Pus	Pyelonephritis	Radiculopathy	Rash on skin	Rectal pain	Rectal prolapse	Red eye	Renal colic	Restless legs syndrome	Rheum	Rhinitis	Rhinorrhea	Rosacea	Round ligament pain	Rumination	Scar	Sciatica	Scoliosis	Seborrheic dermatitis	Self-harm	Sensitivity to sound	Sexual dysfunction	Shallow breathing	Sharp pain	Shivering	Shortness of breath	Shyness	Sinusitis	Skin condition	Skin tag	Skin ulcer	Sleep apnea	Sleep deprivation	Sleep disorder	Snoring	Sore throat	Spasticity	Splenomegaly	Sputum	Stomach rumble	Strabismus	Stretch marks	Stridor	Stroke	Stuttering	Subdural hematoma	Suicidal ideation	Swelling	Swollen feet	Swollen lymph nodes	Syncope	Tachycardia	Tachypnea	Telangiectasia	Tenderness	Testicular pain	Tiredness	Thrombocytopenia	Thyroid nodule	Tic	Tinnitus	Tonsillitis	Toothache	Tremor	Trichoptilosis	Tumor	Type 2 diabetes	Unconsciousness	Underweight	Upper respiratory tract infection	Urethritis	Urinary incontinence	Urinary tract infection	Urinary urgency	Uterine contraction	Vaginal bleeding	Vaginal discharge	Vaginitis	Varicose veins	Vasculitis	Ventricular fibrillation	Ventricular tachycardia	Vertigo	Viral pneumonia	Visual acuity	Vomiting	Wart	Water retention	Weakness	Weight gain	Wheeze	Xeroderma	Xerostomia	Yawn	hyperhidrosis	pancreatiti
2020-01-05	0	False	84	88	59	97	29	22	80	33	72	60	66	27	73	43	85	50	78	60	4	94	53	100	89	58	100	64	41	3	41	38	76	34	21	0	47	49	100	90	63	51	16	77	63	95	0	75	77	90	64	66	48	61	49	67	65	62	100	90	100	76	69	100	76	40	52	70	82	77	95	52	87	34	84	67	68	54	81	85	35	0	70	80	49	27	41	56	76	21	69	90	61	57	66	95	60	88	45	80	60	61	96	46	81	81	30	83	94	100	32	89	35	59	19	57	48	83	51	87	54	97	87	64	64	79	44	87	62	62	91	0	89	23	83	74	0	100	43	79	90	40	38	80	0	87	56	62	69	33	94	54	64	34	79	35	24	83	67	42	96	15	73	67	99	100	35	69	85	79	82	70	46	79	32	57	67	74	85	40	74	97	86	80	82	0	16	47	75	60	64	81	62	66	60	58	61	83	48	76	42	46	9	76	69	67	94	67	69	85	50	45	74	88	34	91	85	89	66	73	77	88	0	55	93	0	64	57	84	98	100	74	85	85	73	83	75	69	85	8	0	58	80	73	83	34	73	88	76	95	89	45	58	85	38	84	89	67	48	61	36	67	49	82	79	55	94	93	92	30	57	84	51	99	34	41	76	71	71	56	0	56	77	67	99	74	96	48	64	97	82	72	66	58	65	67	67	82	0	85	43	23	67	0	55	0	68	58	62	0	27	36	14	44	63	73	58	76	46	63	80	58	56	89	43	61	58	65	73	67	66	81	38	54	30	83	38	89	75	49	100	94	90	91	26	11	45	92	95	72	20	47	100	92	65	49	100	81	74	99	38	60	39	22	33	65	60	44	65	59	70	44	71	35	76	88	70	46	64	87	62	80	67	52	81	93	99	89	68	70	89	90	65	46	48	71	87	100	67	31	86	100	100	64	82	45	47	85	23	41	90	74	70	88	87	37	30	82	78	16	0
2020-01-12	75	False	84	89	69	79	65	14	79	44	70	93	73	33	75	48	85	74	65	52	8	94	57	67	99	74	98	61	54	15	44	56	69	81	70	0	52	51	99	83	24	32	13	80	68	95	0	100	76	82	91	71	49	67	52	66	64	42	90	82	85	73	88	80	72	52	54	81	83	81	93	100	95	61	95	60	61	52	88	91	88	0	55	80	47	17	31	0	81	30	69	95	72	54	63	83	84	86	47	79	100	58	23	46	89	82	48	40	97	50	40	84	53	54	22	46	100	83	68	75	70	82	75	76	64	84	74	87	90	57	84	0	92	65	83	77	0	50	74	80	100	71	41	81	18	79	71	36	36	28	89	63	81	29	87	59	34	74	14	100	96	6	68	67	82	92	32	67	67	88	74	69	41	79	59	53	74	53	92	31	69	90	82	77	76	0	16	63	42	68	65	87	56	57	44	66	66	86	75	94	39	0	9	77	100	67	49	74	80	100	62	38	75	96	61	85	80	92	78	70	78	64	29	66	84	49	63	55	80	98	88	82	74	69	66	83	85	77	91	31	0	73	62	54	55	33	84	75	60	94	86	100	37	66	73	84	86	76	49	90	28	47	47	78	66	39	82	66	87	85	100	72	61	88	34	69	87	75	86	73	22	45	96	79	52	88	74	43	78	100	97	71	73	46	61	73	78	100	0	100	29	54	58	0	89	0	57	57	55	50	32	49	19	34	26	0	68	73	74	61	88	72	62	89	42	82	62	73	70	68	100	93	82	64	87	86	43	95	61	93	88	82	92	90	37	20	39	51	89	78	19	71	84	69	71	36	94	79	58	97	34	64	64	27	70	67	55	57	72	59	56	72	75	37	72	88	87	58	76	95	77	74	74	66	93	99	91	86	85	0	95	96	71	51	26	50	94	85	21	20	74	85	72	66	84	49	67	87	29	43	91	68	73	84	89	66	51	88	63	16	0
2020-01-19	39	False	93	90	100	66	39	0	97	52	71	100	98	34	100	36	90	72	77	87	6	93	75	40	89	70	95	74	35	5	42	52	78	34	42	0	49	62	98	96	25	17	14	91	51	94	0	91	79	91	71	81	50	61	42	65	72	82	84	88	79	88	94	93	75	49	52	68	88	85	92	45	96	58	88	62	59	72	87	86	56	0	70	80	51	25	25	43	70	82	72	95	48	52	70	98	64	88	66	96	30	62	24	48	86	92	30	60	93	72	45	83	28	55	30	48	80	83	66	75	62	95	100	76	63	94	54	75	31	54	84	0	94	57	81	60	22	84	43	78	64	58	43	95	57	100	77	60	64	25	50	60	83	40	86	83	24	80	22	21	100	19	72	73	90	86	30	67	68	81	81	56	55	84	60	59	76	78	94	40	69	97	83	56	62	0	19	63	83	85	87	90	100	52	62	70	67	88	64	87	66	0	9	82	70	89	75	68	97	87	51	44	78	93	70	74	82	90	64	72	87	65	61	55	100	34	65	62	83	94	96	84	83	66	74	92	31	64	89	0	0	84	68	62	58	30	80	79	79	70	96	45	0	59	38	96	100	95	56	80	26	67	50	58	67	63	89	52	92	74	70	79	76	91	50	21	91	100	87	67	46	66	70	86	78	84	76	34	62	99	90	81	78	77	69	65	75	61	0	79	52	23	63	0	72	17	76	58	60	52	32	69	14	42	55	0	59	83	80	13	93	73	59	78	95	85	56	100	91	72	66	87	49	89	38	84	50	91	65	84	85	92	79	98	52	21	50	92	98	100	20	66	92	80	71	90	86	84	89	100	35	67	79	37	41	100	57	64	73	51	75	82	76	30	73	91	88	61	84	95	78	59	75	81	95	95	91	100	80	0	96	91	28	63	34	63	77	93	30	52	92	97	90	67	100	76	63	91	37	41	93	72	63	77	91	48	38	86	83	19	0
2020-01-26	0	False	89	81	77	94	37	0	87	59	68	69	70	24	90	42	97	45	97	81	9	94	78	39	84	96	90	77	35	2	47	38	81	83	70	34	53	60	93	87	61	33	18	61	53	98	0	44	74	87	85	78	43	62	86	76	72	68	39	90	81	78	53	81	75	48	63	70	95	80	71	44	89	38	81	66	69	53	90	87	48	0	68	77	50	41	64	41	80	80	81	90	53	55	56	92	72	100	70	90	86	59	23	59	90	87	68	63	90	69	37	78	27	63	37	71	89	96	64	78	68	85	87	75	71	81	86	78	70	48	92	0	88	66	71	67	43	62	33	80	84	100	45	78	37	95	76	69	88	44	81	78	78	44	86	61	35	94	29	0	85	21	78	71	79	88	40	70	54	73	72	62	59	79	93	81	70	69	83	46	57	97	81	66	58	0	23	100	58	62	67	81	66	63	55	72	89	94	61	93	67	0	35	80	99	92	61	76	81	93	69	56	100	89	76	76	85	95	79	70	74	73	0	63	90	33	62	53	71	100	91	85	95	75	74	98	38	78	86	24	0	70	54	49	35	40	74	76	74	86	93	58	56	72	31	99	81	77	61	89	40	65	71	55	71	40	86	54	90	29	81	76	69	87	29	80	86	84	83	66	22	100	91	74	86	89	100	69	88	96	96	75	68	61	85	55	64	86	0	95	51	100	59	42	60	68	76	58	59	50	27	38	14	49	53	71	31	70	68	25	68	65	58	92	100	85	59	78	82	74	66	78	89	48	59	75	74	88	85	76	88	86	100	90	38	21	57	65	100	71	21	100	80	76	66	65	81	99	88	90	37	55	68	37	55	88	57	88	76	48	100	51	73	35	72	94	93	71	43	80	85	65	77	85	100	94	84	79	67	45	91	87	54	47	20	66	66	80	22	81	76	83	95	63	83	100	55	92	36	70	87	67	58	67	88	79	81	100	83	15	0
2020-02-02	51	False	94	84	70	100	28	7	86	40	70	72	80	31	71	53	92	66	76	78	6	92	73	48	83	90	91	68	41	4	43	36	92	66	60	0	49	100	90	82	73	33	14	68	56	96	0	65	72	85	77	76	45	71	100	89	82	40	70	87	87	69	65	77	70	42	85	81	87	74	91	81	82	52	90	57	62	86	85	84	41	0	83	80	49	31	96	55	80	100	82	87	66	54	72	80	88	96	72	84	29	59	0	54	93	82	39	41	93	83	34	78	87	50	22	100	84	95	59	70	73	92	82	84	75	77	43	87	30	56	80	0	81	22	78	54	22	58	41	77	73	61	45	89	18	87	87	49	62	44	76	55	70	47	86	61	69	100	29	61	94	27	64	71	81	70	36	68	82	78	76	82	50	80	96	89	96	60	87	85	71	91	78	58	76	0	21	61	65	76	80	98	57	60	100	72	72	91	46	95	68	0	70	78	60	92	61	75	85	78	68	48	92	86	43	73	83	93	97	74	76	66	30	76	96	33	61	66	77	88	87	67	86	80	70	89	81	78	86	16	0	71	78	60	45	44	86	89	76	68	84	29	37	71	55	82	77	77	59	80	30	30	67	72	81	47	86	54	87	29	48	100	73	85	24	50	76	87	72	88	22	91	64	80	74	88	88	38	81	91	95	77	74	73	85	100	69	68	0	97	60	99	63	0	66	51	91	76	58	50	36	73	12	55	35	71	50	71	81	62	85	63	72	83	50	76	59	66	68	55	64	78	84	100	66	84	52	90	79	66	86	82	84	79	25	31	57	69	90	76	25	72	78	72	62	69	81	88	94	86	40	78	80	35	47	82	50	100	75	67	66	51	73	28	78	92	86	74	71	92	58	74	68	65	97	97	89	85	81	45	93	90	90	57	7	56	92	69	65	61	77	96	98	63	83	67	88	87	29	71	85	69	65	72	87	59	37	62	73	19	0
2020-02-09	51	False	93	84	81	91	57	7	88	50	72	50	86	31	86	59	93	49	72	50	7	92	82	49	88	63	92	79	71	5	42	38	82	66	61	69	56	40	95	91	49	33	12	62	70	96	0	80	74	83	100	100	49	69	64	84	78	62	61	80	84	79	65	75	73	42	64	60	91	100	87	71	92	62	93	62	69	100	93	91	76	100	68	82	46	34	16	55	90	80	75	93	100	55	78	94	75	94	57	80	73	59	23	42	96	89	39	54	98	64	37	87	34	58	22	78	47	98	86	51	62	97	81	80	72	81	100	100	81	61	93	0	74	0	67	65	0	62	50	77	78	61	44	100	18	80	89	59	52	45	67	91	81	42	95	85	70	65	43	61	94	15	72	80	81	84	42	71	95	85	70	71	42	77	73	80	95	72	91	47	87	89	82	85	81	0	24	76	80	75	73	100	66	69	85	79	72	76	56	91	64	45	18	79	83	97	58	82	77	81	78	59	99	75	57	74	84	100	100	75	87	72	0	63	88	100	63	70	100	91	88	93	86	77	75	85	47	81	91	8	0	60	67	99	53	33	74	77	73	82	95	15	37	90	80	89	74	73	75	58	31	78	69	76	71	47	84	32	87	29	89	86	68	98	33	50	87	73	71	82	22	83	73	100	61	88	83	39	100	97	95	78	100	66	94	69	87	88	0	84	57	78	57	21	53	17	100	55	57	0	26	100	19	41	53	36	38	75	81	62	79	90	60	97	49	82	81	74	77	70	61	82	37	70	45	97	100	84	86	92	88	87	84	79	38	52	53	56	89	83	24	64	92	90	68	77	94	100	77	79	40	75	61	35	32	89	55	77	79	53	81	65	73	35	78	100	99	84	71	81	95	88	92	71	89	92	100	85	71	0	100	89	36	49	34	64	85	85	65	20	72	83	96	72	88	91	68	93	33	51	94	67	81	68	85	49	74	66	87	18	91
2020-02-16	25	False	88	91	70	66	46	0	100	36	72	66	71	25	73	52	99	66	68	100	5	96	83	48	100	99	95	77	63	5	46	53	86	16	100	34	56	71	97	100	61	17	11	54	94	100	0	87	81	98	89	81	48	84	50	76	84	51	75	82	91	83	67	81	75	39	63	87	90	91	81	64	100	56	100	59	69	85	88	100	54	0	77	84	53	28	87	27	88	50	78	92	59	53	97	87	74	81	71	98	72	60	23	62	93	89	58	81	93	86	40	87	33	49	29	69	75	100	78	92	84	88	88	88	73	92	47	90	50	54	87	50	87	44	100	66	0	73	58	88	90	83	43	90	18	92	83	61	57	64	100	69	72	35	81	69	23	70	21	40	99	18	69	74	88	72	40	68	82	92	75	93	51	100	87	67	94	83	89	100	80	94	81	73	75	99	20	59	100	95	100	81	69	63	65	74	90	94	66	100	55	0	69	100	48	77	72	71	91	98	74	44	81	95	100	88	83	100	59	74	75	71	29	71	95	33	68	60	84	83	96	79	100	73	79	79	26	73	83	16	0	79	60	60	73	39	80	83	100	81	100	57	92	79	43	100	93	67	66	80	30	77	57	79	64	100	86	90	86	43	53	91	69	95	43	60	88	80	83	90	0	36	94	96	67	87	97	66	89	98	96	69	75	71	88	69	73	80	87	69	77	44	54	21	63	17	82	53	55	100	32	87	14	81	61	0	100	81	77	0	89	74	70	100	51	74	66	73	75	88	92	85	89	39	37	85	74	97	71	71	85	99	85	83	50	51	61	62	94	67	22	59	85	65	79	90	91	84	94	81	40	72	68	29	55	96	54	85	77	59	39	51	78	33	73	98	100	54	58	78	71	81	97	78	82	95	87	94	66	45	96	92	36	60	67	58	94	91	14	20	73	93	81	70	90	83	83	100	28	100	99	75	76	71	87	58	51	76	93	16	0
2020-02-23	0	False	99	87	89	65	36	7	92	39	75	72	92	30	77	69	100	100	100	87	12	97	99	38	89	75	99	67	65	7	44	37	100	48	58	0	59	73	92	87	60	16	15	46	100	95	0	35	82	83	76	83	62	79	82	75	75	56	73	83	81	84	67	81	73	35	49	81	100	88	86	68	89	68	74	55	70	77	100	87	59	0	80	76	51	43	100	0	87	68	77	89	51	54	90	93	93	66	89	90	84	64	23	68	98	83	75	100	97	80	39	88	78	48	43	69	70	95	66	98	68	84	91	78	73	87	46	87	58	51	87	0	100	43	83	57	0	79	32	86	73	48	42	98	0	87	84	70	50	78	56	82	82	57	77	100	23	73	56	59	93	26	69	73	79	68	51	65	78	100	72	58	50	74	82	67	99	84	90	37	71	93	84	44	100	0	29	72	73	73	69	93	82	59	56	79	93	90	74	92	55	43	42	82	81	84	63	84	99	100	54	44	75	84	65	84	87	97	74	73	78	71	29	69	85	0	61	58	78	78	85	100	88	82	68	93	58	77	82	0	6	100	100	79	75	36	86	80	81	77	95	42	72	100	54	79	89	88	57	79	29	80	74	61	63	52	84	66	86	84	86	91	66	88	59	68	100	85	98	92	0	35	90	100	62	97	78	51	92	94	92	77	62	69	86	63	73	90	0	80	58	86	60	0	71	33	90	51	58	0	36	56	16	67	51	0	36	77	72	24	90	71	62	94	53	86	100	93	80	56	81	94	76	38	43	96	90	100	55	83	86	90	83	84	36	30	60	37	90	80	24	62	90	86	79	63	90	100	98	90	38	90	59	42	38	68	59	95	79	56	70	69	76	37	82	90	88	100	75	74	88	66	77	100	99	100	87	79	79	44	96	100	53	84	32	61	75	90	28	49	78	95	95	73	79	55	70	100	37	52	89	71	77	71	89	65	43	77	97	20	0
2020-03-01	0	False	89	89	72	78	100	14	86	52	81	65	100	31	96	38	90	50	95	75	10	93	83	28	83	70	91	87	32	4	55	34	100	48	29	0	66	66	89	76	24	16	15	72	87	96	0	78	72	89	73	89	49	81	49	74	65	97	74	73	89	75	72	82	74	38	49	88	85	91	66	52	85	46	71	63	67	55	87	93	46	0	72	77	47	58	23	27	83	39	88	88	71	60	92	81	88	77	94	88	70	69	45	75	95	81	95	83	97	64	48	73	46	56	32	61	59	98	51	73	62	85	85	85	69	75	87	86	59	49	80	0	69	11	84	60	21	41	40	86	80	70	49	89	18	84	83	57	50	78	55	65	67	46	69	61	0	74	28	20	90	9	71	75	75	72	59	70	71	79	68	55	51	61	71	100	100	100	87	68	84	95	82	46	54	48	27	86	58	76	71	83	61	48	71	79	98	85	59	89	52	0	51	82	77	85	100	74	88	83	66	64	64	73	97	65	87	92	65	78	75	64	29	61	75	0	63	56	81	86	90	49	76	87	78	85	79	64	68	16	0	83	67	90	61	32	87	74	75	75	84	28	54	83	36	91	75	76	62	76	37	40	72	50	64	26	91	74	84	42	66	91	85	80	47	48	80	83	100	91	22	71	76	86	100	83	75	61	69	93	91	76	41	67	86	82	80	69	0	72	43	97	62	41	58	33	61	50	69	0	35	74	15	59	51	0	36	60	73	12	76	80	73	99	48	80	89	75	70	56	59	82	76	42	43	94	46	87	48	89	82	86	87	81	12	40	51	60	86	65	31	70	82	76	65	56	82	83	78	82	48	86	67	54	46	78	56	62	78	68	80	46	73	36	75	92	99	81	69	82	61	65	76	70	91	92	93	71	76	44	95	98	35	46	72	69	82	82	21	20	68	82	94	72	95	91	100	88	43	46	87	77	62	67	88	67	50	87	74	20	0
2020-03-08	37	False	90	77	73	89	36	7	73	56	94	72	71	27	55	47	87	46	97	69	8	86	78	28	81	60	87	71	42	2	85	31	82	31	49	65	90	66	82	73	35	63	9	66	64	88	0	35	71	79	80	81	46	57	57	62	62	71	44	77	96	80	100	58	67	35	65	65	86	80	77	49	64	46	77	69	85	83	71	76	46	0	75	78	48	100	62	26	85	58	92	83	45	80	85	69	74	86	58	84	70	64	23	50	92	76	94	44	100	54	45	73	39	57	36	51	56	77	78	64	100	89	87	71	79	87	41	79	29	43	71	0	79	63	68	56	0	68	56	88	71	74	70	78	71	82	49	51	90	55	50	76	67	37	84	67	23	73	34	59	93	23	63	65	64	81	80	74	72	74	68	89	100	76	72	98	84	68	82	15	69	75	85	60	64	0	25	59	71	66	64	73	34	52	69	78	67	72	68	79	58	0	76	81	76	66	63	65	83	78	71	41	73	80	64	77	95	78	55	72	72	61	0	56	72	32	64	62	83	73	85	61	79	100	64	77	54	79	82	38	6	69	78	74	43	42	75	79	51	84	86	28	72	62	23	72	74	59	64	80	41	69	53	59	82	25	85	77	75	28	81	76	82	97	38	38	65	85	59	79	21	71	64	71	44	76	83	34	71	85	78	84	64	100	81	64	89	46	0	55	55	42	72	21	67	33	61	53	95	0	29	88	19	55	75	0	48	54	66	12	75	65	53	87	44	86	59	75	67	66	56	74	60	63	29	96	84	75	63	65	83	76	71	75	49	0	68	63	85	66	60	60	88	69	57	60	77	95	68	64	72	78	66	98	83	72	54	73	70	58	61	30	70	36	80	80	72	74	47	68	60	64	69	61	83	83	96	79	64	0	86	100	69	44	97	46	58	73	34	29	72	74	86	50	73	71	76	77	75	68	100	64	59	69	74	88	28	69	80	12	0
2020-03-15	0	False	69	71	67	85	44	33	66	65	92	52	76	28	56	34	75	43	64	59	9	84	56	56	64	67	75	61	23	3	100	24	60	47	28	0	100	48	77	72	23	16	9	44	50	81	0	21	51	78	59	75	52	41	39	54	61	67	71	69	100	57	31	53	68	75	43	61	73	62	60	72	52	53	60	90	100	34	64	75	45	0	58	60	45	84	52	26	83	47	86	69	68	100	67	67	56	75	60	67	13	40	0	49	97	72	45	59	84	56	72	77	31	54	28	34	43	49	43	57	42	85	69	60	72	75	18	63	38	44	69	0	68	11	64	56	20	54	62	85	42	53	100	69	51	70	42	44	53	68	37	54	57	25	60	50	43	59	21	19	77	25	45	47	57	53	100	88	60	57	78	51	37	47	48	76	73	71	73	36	82	64	73	58	52	0	16	59	31	52	55	69	17	53	39	67	62	67	49	52	55	0	49	59	55	56	57	55	66	65	56	42	59	66	32	71	100	66	67	65	53	40	28	29	58	31	55	49	67	65	58	47	61	65	48	67	40	77	55	100	6	80	54	36	40	29	64	61	54	67	62	40	87	50	53	73	45	75	30	70	60	83	53	63	98	32	92	47	72	13	52	51	55	76	46	10	56	80	50	67	0	77	56	54	55	55	68	47	46	79	71	86	41	70	60	68	76	41	0	45	45	53	100	40	65	47	67	55	100	0	21	54	14	30	42	0	12	50	67	34	62	38	35	59	41	72	49	51	57	60	51	76	54	45	55	72	88	65	57	68	71	62	48	67	0	10	66	84	79	55	100	26	95	60	54	47	64	57	48	55	100	49	43	100	29	50	51	63	57	56	42	41	60	37	100	53	64	59	32	72	55	71	56	34	67	58	95	86	46	0	61	77	17	50	100	42	44	85	42	38	66	73	82	46	55	69	55	65	100	38	88	56	39	68	58	87	62	49	76	9	0
2020-03-22	36	False	81	77	48	79	44	67	72	74	100	52	50	29	64	39	77	67	54	51	100	93	65	36	63	55	75	55	29	4	87	16	73	45	38	95	93	52	90	62	45	30	8	32	63	86	0	60	54	74	57	63	57	52	61	73	56	63	42	85	80	61	58	50	75	100	43	67	76	79	58	32	36	49	86	100	94	59	73	60	58	0	63	67	65	55	15	0	85	56	100	75	50	85	79	76	68	46	65	76	14	41	0	38	100	75	45	84	82	69	49	85	13	31	100	42	38	74	50	42	49	100	71	60	64	59	52	76	57	45	59	46	64	30	75	64	20	47	46	85	52	51	87	67	17	55	82	59	58	23	44	57	74	41	51	52	22	58	79	0	77	22	50	56	63	76	90	100	80	60	84	65	45	58	74	65	75	50	62	36	79	74	78	79	86	91	36	42	48	68	79	57	36	52	39	63	43	65	23	77	73	0	49	68	56	61	75	61	70	64	66	42	67	80	17	100	98	75	49	80	72	49	0	46	70	46	65	50	75	75	65	76	67	43	48	66	60	90	75	59	28	54	48	41	26	24	79	61	45	85	74	41	87	54	17	82	49	74	46	72	55	66	65	41	100	12	94	29	77	27	45	55	70	98	35	9	51	65	60	75	21	68	66	44	23	52	64	38	68	86	80	100	49	70	66	49	82	55	0	55	50	71	100	0	50	63	53	71	98	0	23	60	12	42	24	0	52	68	64	58	64	66	45	58	36	79	58	47	60	66	38	81	44	32	41	100	98	73	65	74	85	77	52	65	71	19	58	100	92	62	93	50	91	64	63	75	59	68	57	63	87	34	32	80	44	58	54	72	65	59	46	34	61	34	94	69	62	50	59	82	74	91	68	47	65	64	98	92	54	0	65	76	33	53	50	67	57	76	53	19	68	79	67	50	55	78	59	71	91	72	91	64	50	76	63	72	14	63	77	10	0
2020-03-29	46	False	78	82	68	65	34	58	81	48	97	32	98	31	86	52	82	54	57	62	51	95	69	17	66	39	72	67	28	3	78	18	73	44	9	31	62	79	88	59	66	30	13	18	69	86	0	20	67	68	58	78	57	47	45	59	56	44	49	81	62	57	58	54	79	100	61	64	82	100	65	60	36	30	65	96	88	50	69	61	80	0	55	60	60	39	29	37	89	18	87	76	47	65	100	71	72	35	78	85	39	39	21	42	99	73	87	56	79	57	100	87	36	41	83	46	49	77	44	42	64	86	74	57	82	78	25	60	36	46	62	45	60	49	74	66	19	52	22	80	38	59	68	67	16	55	84	44	32	43	56	52	52	26	57	63	42	55	64	18	83	16	44	64	71	67	96	95	100	58	99	71	40	54	56	62	77	41	61	28	90	77	72	73	67	0	19	47	58	68	69	57	32	50	31	72	50	66	55	55	68	0	47	76	46	72	75	71	64	62	83	56	57	75	60	82	86	77	56	79	78	59	0	76	70	15	64	60	67	79	66	48	67	35	50	50	54	71	58	86	37	61	44	39	47	34	66	49	42	73	82	0	100	54	11	87	48	79	51	44	42	53	68	74	99	18	96	44	86	77	61	54	48	90	24	27	42	47	58	83	0	57	44	57	16	52	55	54	59	84	83	86	25	82	70	74	99	50	0	56	72	40	85	19	33	0	76	69	74	0	18	68	5	44	47	32	22	60	45	55	65	45	62	72	36	75	60	46	60	49	31	82	84	82	26	73	83	73	74	57	80	76	55	76	45	18	95	62	85	73	78	45	75	51	63	49	57	87	60	59	71	52	20	71	56	41	58	40	65	51	41	61	62	30	76	72	63	81	44	78	74	90	64	25	67	64	66	95	57	0	67	80	65	41	48	50	73	79	13	54	69	71	85	48	59	72	51	67	66	84	84	72	45	78	68	96	33	80	91	13	0
2020-04-05	24	False	83	91	60	55	52	100	85	66	92	49	70	29	75	42	75	64	56	81	37	90	61	53	61	38	74	62	37	3	65	18	85	45	94	31	54	45	93	74	45	45	13	82	72	95	0	27	65	74	63	66	100	51	38	58	52	45	48	86	47	62	69	62	91	79	55	61	73	97	56	38	33	57	68	87	81	65	62	63	57	0	72	58	65	32	0	100	93	28	81	84	43	55	71	80	61	24	78	88	54	45	0	59	99	81	100	46	84	96	67	85	13	34	48	49	51	70	63	47	56	91	79	73	77	65	26	68	66	44	65	0	61	20	84	78	20	54	85	80	34	51	58	74	17	57	79	62	48	57	35	68	66	36	56	59	64	67	59	38	84	17	54	67	76	76	92	88	78	53	100	57	35	60	81	52	66	50	62	51	98	84	79	84	59	0	33	47	71	67	62	78	47	58	54	100	66	81	79	67	76	0	49	71	64	78	57	74	73	73	100	66	56	75	48	91	81	82	53	85	82	44	0	92	84	15	65	59	71	77	73	67	80	32	59	53	100	81	73	66	22	82	48	56	74	46	78	95	68	76	81	0	35	62	45	92	54	64	58	60	39	94	70	47	74	49	91	53	80	54	54	58	53	100	30	37	39	75	59	92	0	85	68	50	32	60	54	45	54	90	82	88	49	66	65	75	100	49	0	59	36	20	68	59	62	48	61	65	62	0	21	49	8	51	80	33	40	64	45	34	72	54	66	53	41	80	83	34	66	87	46	78	77	73	34	75	95	74	72	52	91	81	52	70	47	19	53	97	91	72	63	45	61	73	62	98	64	90	82	61	51	50	36	55	22	35	71	53	71	54	59	46	65	38	78	60	71	80	59	79	62	89	75	25	66	74	82	98	61	0	74	75	33	74	75	52	74	93	40	28	71	80	89	60	68	75	41	75	44	38	90	79	65	77	78	83	62	66	89	13	0
2020-04-12	45	False	87	91	46	35	33	31	80	51	79	39	59	30	70	39	72	45	47	71	25	85	65	17	59	57	75	52	28	4	56	16	75	0	71	0	50	53	90	68	43	29	10	89	65	87	86	38	72	67	57	80	78	53	56	66	71	63	48	79	36	64	72	58	82	51	37	74	89	77	55	53	37	46	68	75	72	73	69	74	48	0	95	54	72	20	56	48	83	9	59	88	35	35	66	71	72	21	66	100	25	43	41	56	97	100	85	59	82	100	30	78	35	29	42	57	61	83	60	52	64	86	80	69	70	72	58	65	27	41	67	0	62	10	73	76	19	44	36	73	45	44	43	64	32	54	75	43	54	32	50	49	63	55	61	58	61	75	63	0	84	29	46	64	81	67	72	75	64	67	90	59	35	56	67	56	65	60	58	68	81	87	80	60	57	43	29	52	66	82	77	55	21	67	46	69	65	67	45	65	77	0	84	77	31	78	57	71	62	75	67	58	54	68	38	83	70	82	70	82	81	56	26	79	70	29	62	53	74	83	72	48	76	20	51	57	60	71	76	56	5	58	55	48	49	55	86	100	62	82	73	25	33	77	48	87	47	69	74	72	34	31	59	67	70	23	86	32	82	38	67	59	69	84	41	53	36	78	62	95	39	40	67	33	28	55	58	55	40	85	75	73	50	69	56	69	61	52	0	50	68	78	46	37	58	15	62	51	41	0	15	56	13	34	38	62	38	68	50	22	71	58	100	62	41	78	59	52	72	63	63	78	69	72	45	74	48	76	54	70	82	74	60	73	22	54	73	91	80	71	45	91	65	59	69	61	60	78	77	69	36	72	70	37	35	66	68	41	72	58	60	57	61	30	67	59	76	97	43	100	74	64	78	32	75	62	63	99	51	39	71	80	16	72	18	91	67	65	25	53	65	83	79	50	51	38	56	79	32	68	74	74	62	69	85	73	32	63	100	9	0
2020-04-19	0	False	82	92	51	58	49	31	82	16	78	61	76	34	70	47	72	61	73	68	18	88	79	42	65	76	77	73	34	5	52	19	81	29	97	0	50	74	89	66	75	43	16	60	84	91	0	13	70	80	59	84	60	51	60	63	69	61	48	78	27	67	44	67	84	49	30	63	83	91	75	62	44	50	81	71	60	38	70	67	36	0	60	61	65	22	63	48	100	44	58	95	64	33	75	65	100	14	56	96	25	46	20	79	99	93	68	63	85	75	71	73	18	42	36	57	58	67	63	54	51	76	84	61	56	71	33	69	71	52	61	44	68	48	66	66	57	44	15	74	46	53	39	55	16	65	70	93	68	67	71	64	63	57	62	81	20	84	50	18	84	5	57	73	82	71	73	76	55	66	89	49	41	55	80	56	64	75	59	20	84	83	85	83	70	43	32	44	48	69	69	58	39	84	41	84	63	77	49	60	100	0	46	75	39	75	50	68	82	71	73	79	55	77	37	92	72	80	61	77	90	90	0	59	87	15	65	63	74	76	79	60	75	22	52	59	64	70	78	21	10	65	43	67	98	54	83	87	68	97	80	25	49	71	43	93	52	66	48	55	30	94	60	66	62	35	82	35	84	51	51	58	59	75	41	26	43	71	53	100	39	96	85	49	34	58	56	41	50	87	91	84	53	77	51	77	71	59	0	67	55	48	45	37	49	0	58	44	36	0	22	38	9	39	84	0	27	51	50	11	66	66	62	54	42	79	73	58	79	73	43	80	87	84	65	73	71	82	52	58	85	86	57	100	44	64	62	67	93	52	41	95	55	84	71	67	60	97	69	74	31	63	27	37	34	49	74	63	87	71	50	42	67	48	62	64	67	67	59	89	69	78	61	25	67	68	60	99	54	0	77	68	32	75	18	100	59	74	25	71	63	82	84	57	59	59	65	79	28	74	70	78	72	69	85	66	26	66	92	17	0
2020-04-26	34	False	81	93	46	37	50	70	83	43	80	37	90	35	74	42	75	42	78	63	20	88	85	25	63	44	81	68	34	3	47	17	71	29	45	30	49	78	89	74	54	58	22	48	85	94	86	57	84	75	74	88	63	54	48	77	62	65	46	83	24	77	55	73	87	41	53	84	76	86	59	33	38	67	48	72	62	50	75	62	67	0	55	62	62	19	78	48	96	44	55	89	35	29	73	77	60	15	64	95	26	46	0	84	98	84	35	44	84	75	58	75	36	39	49	72	44	71	72	57	69	83	84	66	65	66	33	73	27	41	67	0	69	10	67	76	19	38	51	78	41	63	35	60	16	67	81	71	41	43	54	52	73	32	70	74	0	69	31	36	94	40	54	75	83	72	88	72	70	56	94	49	46	62	70	53	67	63	58	41	93	79	93	81	62	0	35	59	77	71	72	68	74	92	40	67	55	68	58	62	79	0	70	82	70	80	74	65	77	78	56	57	59	82	63	83	70	91	55	83	86	91	0	60	88	29	73	63	78	77	79	58	83	24	52	61	68	65	100	35	5	77	59	63	49	63	74	57	64	86	87	13	50	68	38	72	45	99	59	59	53	74	52	73	56	53	80	59	79	0	79	62	66	76	42	17	44	66	58	87	0	65	88	44	40	64	50	41	57	87	92	87	34	79	75	67	69	63	0	66	69	48	37	57	53	15	60	46	31	0	20	78	7	45	46	0	16	53	45	22	69	52	46	61	49	84	54	60	87	50	54	81	55	65	26	70	68	76	56	54	87	84	68	71	34	46	86	77	87	74	36	95	50	89	88	55	57	84	87	66	27	48	34	36	14	58	74	35	92	59	52	62	71	61	64	75	81	57	35	78	52	77	71	31	67	69	62	94	61	40	87	71	39	63	59	40	76	97	13	54	76	75	78	61	74	56	64	74	23	57	72	81	76	81	89	52	52	57	98	10	0
2020-05-03	34	False	78	93	61	13	41	63	80	55	85	49	75	39	69	45	84	58	63	90	13	85	74	51	61	49	85	69	42	4	49	25	83	14	62	60	55	60	90	75	64	14	13	48	83	98	85	25	77	73	65	77	63	54	58	54	73	58	45	74	22	70	51	76	85	44	63	75	82	83	68	42	53	58	96	60	65	58	70	73	78	0	62	59	54	17	35	36	90	35	52	87	52	25	63	67	53	14	58	86	38	46	21	56	97	86	94	24	84	56	52	71	35	38	39	57	43	71	59	58	57	74	89	67	60	79	33	62	53	41	64	0	72	38	69	76	0	44	36	77	48	82	31	69	32	63	71	69	68	46	71	74	71	31	67	56	61	69	62	71	88	16	65	74	78	85	88	68	66	58	80	59	40	59	77	45	73	65	62	48	83	88	85	87	54	0	100	60	79	67	62	67	60	65	58	60	72	77	45	66	86	0	100	85	50	86	97	62	74	79	60	90	54	77	46	80	67	86	52	79	89	81	26	59	86	0	70	67	69	68	81	60	82	18	55	55	87	79	64	21	10	70	51	82	52	60	57	50	55	75	75	25	16	67	32	76	52	77	54	70	51	63	61	75	39	29	78	31	82	38	60	67	53	66	35	52	56	57	69	81	39	88	64	43	28	63	47	50	56	89	83	75	46	67	70	74	66	67	0	74	47	39	32	56	70	15	61	53	27	0	20	80	6	59	15	0	22	48	50	22	73	57	49	67	46	75	74	51	76	69	48	78	27	84	58	69	61	65	64	76	86	80	65	74	44	45	66	79	80	73	32	71	51	93	92	64	61	88	59	56	25	56	60	31	28	64	82	41	81	59	58	44	74	55	67	61	65	43	75	94	77	71	68	44	67	73	63	94	51	0	74	74	55	58	12	77	80	83	38	44	46	72	73	71	67	56	54	74	24	68	72	84	83	69	88	73	78	60	90	16	0
2020-05-10	12	False	82	92	52	22	59	71	84	37	80	35	71	35	68	43	73	44	57	79	10	89	63	44	60	42	85	69	53	3	42	24	75	15	46	95	49	69	92	59	22	15	14	55	97	95	0	60	87	78	51	81	67	64	48	60	59	51	66	84	20	69	59	72	87	26	38	63	89	81	65	43	57	51	72	60	51	51	65	75	56	0	53	65	53	16	58	25	80	45	60	92	42	25	51	78	59	11	44	86	26	41	21	39	93	84	53	37	81	58	28	77	55	39	27	46	42	80	73	60	58	71	88	69	56	72	43	67	55	47	66	46	67	50	73	60	39	39	45	79	49	36	32	63	17	70	80	77	56	33	57	71	66	32	67	56	0	74	59	0	87	19	69	67	84	84	74	67	65	59	80	47	42	47	66	63	84	61	75	49	83	79	75	82	71	0	93	52	83	70	66	70	25	89	36	60	68	78	52	63	74	0	40	71	79	59	62	69	70	85	52	100	71	75	66	87	65	93	36	84	81	80	0	49	75	30	77	57	74	90	86	83	86	16	63	60	43	69	77	15	43	71	42	45	61	71	73	48	70	91	84	39	34	83	40	77	51	78	63	69	32	54	70	79	47	61	85	58	87	52	67	67	62	76	54	55	70	73	65	72	60	41	64	35	59	60	48	40	36	88	92	72	52	82	72	92	67	64	0	66	35	31	36	38	66	31	58	42	24	0	22	42	11	42	64	0	17	67	70	0	67	60	36	64	40	84	62	56	80	70	60	79	72	94	40	61	20	75	68	65	90	85	73	72	11	28	56	56	83	96	30	42	48	69	91	56	60	68	74	70	26	41	31	33	100	64	91	74	81	61	36	60	75	61	66	56	75	47	68	83	74	74	59	54	65	77	63	88	54	41	77	82	58	67	24	43	79	86	73	92	56	76	81	61	74	64	48	81	17	18	72	87	64	71	90	81	100	63	100	14	0
2020-05-17	12	False	85	99	44	18	43	20	73	87	83	43	85	29	77	46	72	53	50	61	23	90	66	18	67	31	87	57	44	3	43	23	71	60	64	31	45	44	90	71	67	30	15	62	62	89	0	60	87	70	65	76	65	57	62	65	63	64	72	81	17	77	70	83	90	59	54	63	92	70	57	43	66	30	80	57	49	36	74	69	81	0	62	63	53	15	80	38	84	27	54	86	18	23	48	74	51	11	41	80	13	51	43	54	83	87	62	37	82	58	40	82	55	45	37	61	42	69	51	58	48	74	81	75	55	66	56	66	46	46	70	0	74	60	64	65	39	67	68	77	60	46	30	71	33	70	66	68	47	63	74	58	78	24	73	42	43	67	79	18	88	8	70	71	87	72	59	69	85	61	80	41	42	55	60	45	91	37	59	7	86	90	86	100	68	91	74	52	85	52	63	66	41	83	43	59	54	81	47	56	83	0	48	70	38	64	80	65	69	83	44	63	59	79	52	75	66	88	77	87	84	56	0	16	83	45	78	64	69	88	89	67	82	18	59	64	31	76	92	15	27	65	42	85	64	70	67	54	54	78	78	26	34	55	62	86	60	100	61	57	39	65	62	79	33	31	84	33	83	13	65	63	79	82	44	0	52	62	51	82	0	100	66	42	65	54	49	48	42	90	96	79	75	74	62	52	79	48	80	80	74	61	35	58	42	31	54	37	23	0	100	69	10	32	32	32	40	68	62	11	60	55	37	67	44	80	56	59	92	39	53	81	62	83	54	71	54	79	67	65	92	73	71	79	46	19	64	60	83	61	32	41	48	51	90	86	59	66	67	68	25	62	42	32	65	66	92	39	92	70	47	67	82	65	76	82	71	45	59	71	81	87	60	38	63	80	63	81	48	41	82	65	25	50	12	70	63	81	60	74	64	75	80	75	83	58	60	82	15	34	70	77	96	67	96	66	40	85	90	16	0
2020-05-24	36	False	78	96	67	20	26	13	83	60	73	29	58	27	83	44	73	26	64	69	10	87	63	18	61	50	86	66	100	12	40	30	62	16	57	33	44	45	93	57	35	16	10	38	69	94	0	28	100	76	69	98	68	51	60	74	80	61	54	73	16	87	54	84	97	43	68	68	89	70	59	60	57	36	75	61	45	62	69	68	45	95	55	66	51	11	37	65	91	19	49	93	44	21	64	88	58	14	34	76	14	55	22	57	74	87	46	42	81	69	23	81	38	39	31	40	49	52	62	40	63	76	79	73	57	62	63	65	28	46	62	0	82	10	73	62	0	51	62	79	49	32	30	71	17	59	73	78	68	38	55	58	73	14	63	50	22	62	61	38	93	20	65	70	84	91	46	67	69	62	78	59	41	64	61	33	92	66	59	22	84	88	86	77	55	0	61	43	38	70	66	50	63	93	44	53	52	69	49	63	84	0	33	72	52	49	32	67	58	80	46	49	51	73	50	82	63	87	37	85	78	60	28	89	80	16	83	69	72	87	91	50	88	10	68	66	81	74	79	8	11	54	76	46	70	75	70	48	61	100	76	54	18	50	18	91	63	72	35	60	38	33	47	43	34	32	84	56	88	41	52	66	42	69	51	10	61	74	40	58	63	43	88	60	51	52	64	58	37	93	85	77	65	67	77	64	70	76	0	67	48	74	28	100	72	32	57	58	22	0	22	58	13	33	100	100	36	59	37	23	70	60	38	54	42	89	50	49	93	32	49	66	55	70	21	61	42	70	63	70	89	92	59	69	36	29	62	55	89	67	29	52	43	72	96	55	64	61	58	54	24	39	43	31	45	65	91	41	84	66	72	54	95	100	69	72	70	42	100	81	72	56	56	44	58	62	62	91	59	0	69	73	52	42	25	77	62	75	21	58	64	75	69	80	76	54	58	83	19	25	70	91	100	65	99	42	42	56	84	23	43
2020-05-31	35	False	88	86	66	6	34	20	64	45	78	68	55	23	62	45	69	64	50	71	12	81	72	44	62	51	87	83	48	100	42	29	72	30	46	63	40	51	87	64	34	60	10	43	45	93	89	20	82	74	58	75	58	48	64	65	60	54	61	82	14	86	77	67	100	56	31	66	78	90	57	46	79	30	76	52	45	66	71	72	6	0	73	67	45	10	65	0	98	9	43	82	30	19	69	81	46	14	67	71	53	50	21	57	72	86	53	62	81	69	37	73	37	36	40	69	47	76	46	58	50	64	81	77	56	79	35	72	46	43	76	0	78	50	67	66	0	21	45	76	58	30	28	68	17	68	61	80	33	37	39	74	62	30	66	46	21	76	33	0	85	14	62	88	79	49	75	60	84	68	74	72	44	48	42	41	94	60	60	21	85	86	88	70	65	0	32	54	62	53	67	69	36	86	45	61	56	79	47	64	68	0	80	68	52	62	73	75	73	80	48	42	58	77	30	72	62	83	70	87	68	61	81	61	81	45	82	45	68	84	86	44	78	16	78	76	43	62	64	7	16	50	71	35	48	69	74	47	69	64	77	26	17	55	45	76	77	86	49	76	42	76	47	54	32	43	84	53	75	0	53	60	67	62	43	18	66	61	64	60	20	33	51	47	36	60	45	58	51	85	74	67	78	55	73	74	78	67	0	73	38	20	25	39	54	46	64	100	19	0	24	59	11	35	56	65	40	50	41	34	65	51	37	73	44	80	61	54	81	61	58	70	38	91	7	59	51	63	61	63	84	90	66	73	23	19	64	72	76	63	26	25	51	51	90	76	57	65	65	50	20	81	52	28	0	57	93	51	82	54	50	39	87	72	69	70	67	47	53	62	70	82	72	49	51	61	61	84	75	0	74	77	58	68	12	63	64	79	53	55	67	76	85	88	72	88	42	75	11	31	60	84	79	64	92	72	47	66	73	16	41
2020-06-07	36	False	80	93	82	17	35	13	82	67	78	52	73	28	65	56	83	45	65	70	9	88	66	9	67	49	99	60	24	7	41	27	75	62	19	0	44	89	90	72	46	31	13	44	54	97	0	41	92	77	69	92	58	51	85	64	71	84	51	78	14	94	72	73	94	44	67	69	87	87	65	28	81	35	80	60	52	52	69	66	19	0	78	71	48	10	52	0	80	19	55	86	49	19	55	91	72	13	51	77	54	51	0	74	70	95	73	25	86	65	35	86	19	69	45	97	62	80	84	74	67	67	92	100	100	63	71	67	47	46	87	0	76	21	70	88	0	51	69	87	78	47	29	69	34	81	79	93	48	30	53	49	73	41	67	57	22	78	40	38	90	11	61	100	92	74	64	64	68	56	78	61	47	57	56	63	93	56	63	22	92	87	97	74	64	0	29	49	73	66	76	92	53	80	56	60	61	85	76	78	48	0	41	77	60	72	78	79	74	84	48	42	68	89	58	73	64	81	56	95	76	63	55	67	97	15	90	61	73	84	94	48	84	20	87	70	40	75	80	8	11	55	51	46	69	96	75	53	52	95	80	40	52	73	23	87	84	92	39	94	38	55	57	61	30	44	85	88	86	40	45	66	51	61	30	56	65	64	70	56	21	68	75	68	73	65	54	69	64	90	81	68	57	73	73	79	70	76	0	64	67	73	27	79	31	16	64	82	18	0	21	63	20	49	57	0	12	76	64	69	70	54	44	75	49	100	54	66	89	69	84	74	68	65	83	71	41	71	59	68	95	93	72	76	35	39	58	84	80	56	27	42	43	83	89	85	69	70	48	60	24	57	64	26	15	78	100	52	86	62	71	55	91	74	69	68	77	50	78	66	68	86	66	58	54	72	56	82	68	0	83	74	68	65	6	62	68	79	34	57	100	79	82	85	77	56	59	86	8	81	70	86	86	65	100	41	27	51	86	13	0
2020-06-14	12	False	88	99	85	25	18	7	86	39	76	59	71	26	81	47	78	35	83	62	16	95	74	19	65	57	98	64	55	10	42	27	73	32	39	100	42	54	95	63	83	32	14	72	62	95	0	56	95	74	79	93	64	57	55	72	79	58	59	80	16	97	49	82	86	30	45	66	86	88	80	46	89	14	70	58	55	38	83	74	46	0	45	74	48	12	54	26	76	10	42	94	58	22	60	91	59	18	47	76	42	66	23	71	75	87	57	26	91	65	36	84	32	41	29	69	50	77	66	58	66	80	89	83	99	65	60	72	39	43	77	0	84	21	83	48	21	64	48	89	65	27	32	76	35	75	65	100	40	55	69	56	92	32	83	58	23	65	42	59	100	12	80	74	91	74	59	66	54	89	78	49	50	48	64	61	97	70	65	15	55	91	92	68	53	0	41	42	56	82	70	90	44	100	56	61	70	75	15	63	65	0	93	73	87	80	81	91	76	83	51	45	74	76	32	82	67	93	58	89	80	88	29	74	89	48	88	51	82	88	88	68	88	18	95	76	41	74	92	8	17	53	72	64	71	89	74	62	71	79	86	28	18	70	30	87	87	73	64	96	66	63	56	70	40	32	87	52	81	28	69	65	70	65	37	29	69	76	70	58	43	35	57	59	69	66	70	72	30	92	73	86	59	80	86	61	94	64	0	70	38	65	27	21	74	33	70	62	20	0	28	51	19	53	93	34	36	75	55	36	92	72	49	75	51	91	80	65	88	51	50	77	76	63	100	65	50	72	73	50	89	100	82	63	37	50	38	60	93	66	29	53	47	69	95	46	64	56	68	59	26	83	55	32	38	64	98	37	89	63	75	71	98	68	66	79	80	69	57	73	86	89	79	52	55	72	61	88	71	43	79	83	35	69	6	72	73	83	70	39	59	77	87	85	85	81	61	90	10	36	75	89	73	77	94	33	71	63	77	17	0
2020-06-21	37	False	92	96	80	22	27	41	83	70	77	72	62	25	64	52	86	44	56	78	18	96	68	37	68	51	97	67	31	5	46	28	81	0	49	0	52	54	93	73	47	32	14	26	63	93	0	28	94	78	70	82	64	65	68	60	77	93	76	86	16	98	65	80	88	38	41	55	89	83	74	52	90	59	64	64	53	48	78	84	40	96	60	74	51	17	31	66	70	39	45	96	51	23	57	83	59	16	35	69	14	56	68	66	71	87	57	35	87	52	30	89	46	50	32	57	48	68	86	81	52	79	82	90	82	74	55	73	39	51	85	0	94	32	63	70	0	34	48	90	63	27	36	70	0	74	66	90	85	51	88	76	69	34	83	49	23	73	35	78	98	15	61	72	93	61	69	73	54	64	79	55	51	74	50	46	95	89	64	37	81	97	88	82	55	48	46	42	75	71	58	97	44	88	46	64	86	86	40	72	53	0	17	80	77	84	66	65	95	82	45	68	67	79	37	95	72	87	50	97	78	70	29	65	96	16	93	61	74	88	92	77	87	17	86	78	54	100	92	23	63	68	70	74	68	94	73	60	84	79	84	42	90	66	30	82	80	91	50	66	84	57	56	84	44	39	97	48	85	0	42	67	60	75	47	48	72	54	80	63	0	44	76	57	59	65	59	83	37	92	92	77	59	68	63	76	73	62	0	70	35	54	32	82	51	33	66	71	22	49	25	62	15	41	59	34	24	65	64	60	80	54	57	71	45	99	66	64	95	51	64	70	51	67	29	47	39	68	48	27	88	80	82	86	24	30	51	63	92	61	32	39	53	77	91	67	61	59	64	60	32	63	41	45	46	52	93	50	82	65	50	49	97	87	81	71	76	64	78	72	78	100	70	61	58	77	73	93	81	44	82	76	52	72	6	54	71	77	63	88	63	80	70	100	67	42	51	89	8	45	76	98	96	73	95	67	7	37	84	15	0
2020-06-28	13	False	90	99	78	24	46	35	68	45	79	41	81	28	71	42	79	39	67	97	18	98	51	39	65	37	89	59	52	4	42	29	76	49	50	34	54	36	92	68	37	66	15	74	65	96	0	58	91	81	74	84	79	62	59	66	76	100	63	89	16	95	67	82	90	33	67	83	89	81	72	84	89	42	62	63	54	66	68	72	54	99	64	75	46	22	55	55	90	20	46	99	53	25	67	86	90	21	36	74	14	56	23	79	70	83	10	36	89	61	49	90	47	72	62	63	49	67	100	63	45	86	83	83	81	60	47	62	50	47	69	50	86	66	73	59	0	77	33	95	62	44	40	72	18	60	53	88	62	48	67	90	82	18	74	46	0	73	50	0	94	15	74	70	89	87	66	74	92	66	79	54	47	72	37	49	94	63	66	46	85	82	99	73	39	0	45	59	70	70	50	81	39	90	57	56	52	77	20	62	62	0	26	73	64	59	64	66	91	94	56	54	80	92	48	81	74	90	47	88	80	66	0	58	87	16	94	66	75	85	86	61	93	27	94	67	43	86	66	24	100	62	60	81	66	100	63	66	81	81	80	43	74	57	43	98	100	100	34	78	85	65	59	52	52	47	99	40	89	14	68	72	76	59	23	30	68	50	72	72	22	45	72	59	32	63	49	47	48	95	100	83	43	74	80	75	69	72	87	75	47	55	36	21	76	67	44	62	25	0	24	55	16	34	9	70	37	64	50	37	74	63	49	73	44	99	42	67	93	55	63	79	42	43	37	64	77	69	65	57	94	82	88	78	25	21	66	55	92	47	34	32	58	67	84	65	58	80	54	56	38	71	45	37	55	77	90	70	89	63	53	37	94	77	85	83	73	61	58	83	60	84	56	55	50	64	64	90	63	0	78	79	63	53	13	50	52	83	43	50	83	74	93	91	76	46	61	90	12	70	79	99	91	73	96	54	15	41	87	22	0
2020-07-05	13	False	100	96	72	11	37	21	77	54	82	49	92	31	61	46	78	54	74	64	17	97	75	19	68	62	96	76	32	5	49	100	75	16	40	34	54	40	99	71	12	66	14	40	74	94	0	44	94	76	51	71	64	64	75	62	69	76	84	86	17	100	66	77	90	64	38	75	93	83	57	70	89	37	81	64	58	36	68	82	47	0	61	73	53	21	87	27	86	30	50	93	26	26	36	87	74	17	51	68	14	56	0	65	69	91	19	62	92	57	55	92	53	44	22	81	66	80	86	71	71	91	83	82	80	73	47	71	100	54	83	0	78	44	83	46	21	81	66	94	76	61	40	64	0	75	81	91	56	56	52	84	78	23	84	63	46	74	100	60	96	27	67	61	94	74	50	74	46	64	86	37	47	64	47	33	98	72	66	23	87	92	91	60	38	49	42	54	67	62	47	92	54	83	57	63	56	81	31	69	49	0	35	79	60	71	91	77	79	93	57	62	75	100	38	86	78	86	86	98	81	88	0	40	97	16	100	56	73	94	87	71	87	20	94	79	21	94	71	40	53	43	43	43	70	98	88	63	62	77	83	29	18	62	55	81	73	63	44	69	95	53	47	83	52	53	100	58	86	100	70	71	61	70	30	20	70	69	71	64	0	45	67	72	60	69	64	77	47	94	93	79	64	79	81	98	64	70	87	76	44	44	41	42	59	17	58	56	30	50	24	52	16	40	87	35	56	73	59	12	81	53	56	76	44	97	50	77	82	72	60	78	47	77	66	72	33	70	90	66	100	97	72	61	0	31	70	79	95	60	33	54	60	64	91	54	68	63	59	49	41	65	34	36	47	71	100	62	100	66	61	53	98	73	91	71	77	63	49	77	100	88	75	63	58	77	71	91	69	0	89	83	27	80	20	50	58	87	79	40	83	75	87	90	81	66	63	84	14	83	81	100	86	86	93	44	29	51	87	18	0
2020-07-12	51	False	91	99	48	11	19	58	70	27	79	42	77	29	82	53	77	21	50	75	23	96	73	58	71	50	92	63	31	4	52	53	77	33	41	0	55	56	97	79	12	16	17	82	62	92	0	14	90	77	70	90	63	55	59	80	77	78	76	85	19	85	63	77	81	36	38	62	92	69	64	58	75	33	88	67	58	70	70	82	69	0	62	85	46	29	56	28	83	10	53	91	93	27	50	89	53	18	80	70	0	53	0	61	69	82	39	54	92	72	34	91	20	53	22	68	44	80	76	59	70	97	77	80	86	68	61	70	0	50	90	50	91	22	76	78	65	66	33	100	81	66	39	66	18	69	60	83	68	16	38	100	73	21	96	56	23	83	43	0	90	6	75	61	85	61	58	80	92	80	84	48	52	56	71	42	92	65	70	23	73	91	100	64	49	0	37	62	87	69	60	78	54	75	40	62	48	100	46	77	59	0	26	75	44	84	100	62	84	100	68	63	79	87	57	89	77	88	62	85	86	72	0	50	82	33	93	53	91	87	88	60	88	19	96	80	39	82	89	32	48	51	75	55	83	93	92	64	87	70	89	44	37	57	55	88	87	81	70	69	100	60	48	69	53	33	99	54	88	0	59	82	74	66	35	40	64	70	79	72	0	37	57	63	71	60	66	74	41	94	89	84	81	79	79	78	86	95	0	78	33	22	38	21	70	17	62	45	30	0	21	68	22	45	52	0	62	65	63	50	78	52	64	76	44	98	75	68	100	62	79	77	47	79	67	72	66	69	84	73	95	92	80	75	76	21	67	69	89	57	34	45	63	77	89	62	70	75	69	55	39	74	61	22	16	52	90	63	93	55	70	70	92	71	82	85	81	37	79	95	73	94	74	72	49	67	73	88	72	0	87	82	81	78	20	56	77	77	29	20	71	74	81	89	84	67	82	93	17	37	82	93	64	100	92	55	22	55	83	16	0
2020-07-19	52	False	89	100	85	26	47	14	76	63	77	82	86	28	75	61	78	45	71	75	28	96	78	29	80	82	89	73	36	6	49	42	75	0	51	34	46	61	100	78	49	66	8	48	71	98	0	7	91	67	81	89	68	59	67	59	72	66	80	87	20	86	63	79	83	36	73	77	89	73	61	34	93	53	78	63	56	60	83	81	83	0	72	79	59	27	73	28	93	20	63	92	47	25	53	100	59	25	48	71	29	61	24	80	77	90	20	41	90	59	57	92	55	61	45	89	62	86	90	68	63	95	76	80	78	77	47	76	51	47	94	0	92	44	88	60	22	43	25	99	60	22	37	81	37	73	76	93	26	86	91	77	74	12	87	58	23	81	14	41	89	18	67	65	96	71	72	81	80	81	87	51	50	70	86	52	81	80	63	71	88	92	93	66	58	0	38	65	88	80	70	80	63	87	69	66	52	80	67	75	63	0	18	83	73	73	81	78	80	90	64	50	74	90	48	85	74	91	45	98	93	73	30	100	77	0	94	55	81	99	86	66	82	21	86	92	39	85	85	48	36	58	79	100	91	87	71	77	66	94	91	44	0	64	49	92	79	80	70	70	93	66	59	59	53	33	99	63	91	15	46	75	64	68	37	100	70	52	61	68	68	28	74	77	64	76	80	91	50	95	86	93	71	80	87	71	78	73	0	86	39	33	38	65	47	34	51	58	29	0	22	59	17	37	61	0	31	83	100	100	87	67	53	63	42	97	73	73	89	65	56	81	58	48	52	75	33	59	66	78	91	97	70	59	13	42	94	67	93	52	32	50	57	100	90	44	77	73	76	56	39	61	31	23	63	59	82	43	93	61	54	68	100	73	78	82	79	40	71	77	94	83	72	69	46	78	73	84	61	0	81	87	18	50	27	56	88	93	22	71	52	92	93	83	80	64	62	87	19	58	81	92	80	76	95	49	22	41	75	21	0
2020-07-26	38	False	92	94	82	28	66	29	87	50	73	75	81	26	75	46	80	64	79	42	19	92	68	49	73	31	91	76	61	3	41	33	64	0	30	70	44	64	94	67	74	34	18	27	58	97	0	22	86	72	71	80	64	50	60	68	67	67	46	91	17	87	85	75	84	54	60	84	84	78	56	37	93	38	56	62	50	93	70	81	28	0	34	83	60	18	48	0	82	40	52	93	67	24	79	82	59	18	44	71	73	56	0	50	74	81	49	50	89	76	31	88	27	56	48	61	58	74	81	65	80	91	73	79	66	73	48	76	41	51	77	0	75	11	85	86	43	55	50	94	70	67	34	71	18	73	58	94	57	45	63	47	65	51	86	58	47	75	58	81	99	21	74	59	86	38	63	75	91	79	86	74	46	71	73	54	82	73	69	31	76	90	90	88	69	50	27	46	61	80	54	79	43	96	53	56	46	87	83	64	66	0	44	85	65	73	88	74	70	91	42	49	78	88	63	79	74	90	67	86	92	83	30	59	82	33	89	53	69	91	89	91	78	24	100	77	34	72	81	41	42	62	84	44	64	57	76	69	78	96	90	15	37	54	31	83	92	80	20	78	61	78	100	53	51	54	95	64	86	14	36	80	63	69	36	51	76	57	75	64	89	73	70	66	65	65	66	50	54	94	94	78	83	74	80	62	77	63	0	71	84	34	39	64	40	17	58	55	24	0	24	65	17	51	53	0	25	86	57	50	81	71	41	67	44	96	62	55	86	53	99	66	53	70	52	68	52	70	66	55	92	82	78	70	38	31	71	55	96	75	28	32	59	74	99	80	66	66	66	50	34	80	61	23	56	85	86	43	88	49	65	69	94	62	75	69	83	39	53	82	76	89	100	79	59	71	67	78	66	90	89	92	64	75	20	67	57	83	88	72	66	88	87	87	78	37	48	95	13	67	80	98	76	83	92	63	0	49	85	16	0
2020-08-02	0	False	89	97	59	20	0	35	90	23	78	41	76	26	69	51	80	73	77	73	13	95	70	39	73	93	91	76	68	4	36	42	73	50	50	35	47	87	92	68	37	100	16	67	69	92	0	44	82	70	74	78	63	51	55	68	90	30	54	82	16	96	62	78	83	39	42	84	84	77	71	50	89	23	77	60	52	49	70	80	47	100	49	71	53	19	24	0	83	10	56	95	26	25	59	91	51	18	39	69	29	55	0	57	73	80	58	49	88	56	40	90	100	82	37	69	63	73	68	68	67	86	73	73	70	74	62	73	40	48	78	51	89	33	76	81	0	46	66	96	51	84	32	80	18	69	75	92	31	44	87	98	90	44	98	60	47	73	36	40	90	18	71	67	94	38	62	74	98	82	83	85	45	68	60	37	74	69	66	38	88	95	91	77	55	100	25	27	91	71	65	67	39	82	52	56	67	90	31	68	53	0	9	75	87	70	87	92	84	84	53	45	81	93	24	94	75	85	49	89	86	77	29	44	76	49	87	100	87	96	88	61	92	22	85	79	55	77	80	16	12	57	57	43	56	72	71	70	69	81	81	29	18	67	56	88	78	81	44	100	52	47	49	80	59	13	97	95	90	43	58	81	53	65	39	60	65	70	62	65	22	27	76	66	47	58	65	100	62	95	92	84	57	76	71	56	76	79	0	67	53	11	37	21	76	67	51	38	26	0	22	52	12	36	35	0	38	81	74	73	78	51	40	73	44	91	68	65	95	87	95	78	62	99	37	66	63	64	79	74	88	83	80	81	12	20	79	27	92	58	28	78	54	54	100	58	68	55	58	54	34	90	45	24	16	51	84	54	80	70	82	43	93	53	73	86	86	56	68	74	64	96	74	78	54	74	61	72	61	0	90	86	36	75	33	58	62	97	58	20	71	90	75	87	78	73	76	86	13	40	78	94	73	75	89	76	15	62	89	17	0
2020-08-09	13	False	89	99	82	18	19	43	65	31	75	58	70	27	79	55	78	69	65	69	10	94	59	29	67	62	93	81	43	5	40	42	79	49	30	68	46	52	92	77	24	33	13	47	56	93	0	22	86	81	67	74	65	51	52	72	70	72	69	82	17	91	86	69	79	30	54	66	82	79	67	37	87	42	68	56	49	46	74	68	27	0	52	70	53	16	24	27	68	50	51	86	53	23	69	93	66	19	54	75	72	68	23	75	71	83	19	27	84	94	61	81	67	77	40	81	75	79	78	72	64	81	77	75	57	79	47	71	60	46	71	100	82	33	79	68	43	46	49	89	64	28	31	69	18	80	68	87	36	52	47	69	72	38	95	49	46	73	28	20	87	12	81	64	97	65	56	67	87	77	80	76	43	66	35	47	85	74	72	15	95	90	88	76	68	0	25	38	77	67	70	77	39	80	55	59	84	86	41	68	60	0	52	71	54	67	60	79	77	82	41	38	86	92	43	83	71	85	52	89	89	58	0	80	79	49	89	66	79	96	88	46	86	24	75	85	30	76	77	24	23	49	54	60	59	53	85	76	62	89	91	43	37	52	73	90	82	81	54	62	48	100	57	89	57	66	93	89	86	43	58	79	46	57	41	20	72	66	55	60	0	27	76	73	60	68	53	49	55	91	93	80	64	67	76	51	67	70	87	71	50	44	35	42	30	17	63	36	22	0	25	41	14	38	78	0	44	92	56	37	85	63	55	71	52	87	90	76	88	69	55	71	52	78	51	64	37	60	69	77	91	85	80	72	62	31	35	58	84	54	27	72	53	64	83	50	66	62	67	56	32	78	34	23	31	71	79	47	81	53	53	67	92	59	68	81	78	63	52	83	82	92	66	76	51	73	74	84	81	0	85	81	45	55	7	55	64	77	50	20	71	87	91	87	75	53	59	87	13	63	71	84	92	73	90	44	44	38	89	14	0
2020-08-16	100	False	78	92	85	8	37	35	74	44	78	57	67	25	79	48	73	62	52	65	11	94	64	19	71	49	91	69	54	4	39	37	65	16	40	67	45	39	89	78	72	16	14	100	61	90	96	36	83	78	78	73	60	62	56	65	79	90	59	75	17	86	71	72	75	25	71	64	98	82	88	43	91	37	65	59	50	55	75	85	60	0	100	77	57	17	31	27	73	29	47	95	26	23	65	77	60	25	56	66	28	58	0	69	82	86	48	40	83	57	43	85	40	52	65	82	51	83	75	54	55	84	68	78	72	80	51	64	30	49	80	98	90	65	76	74	64	46	89	82	58	43	31	69	72	72	56	67	91	40	79	92	87	32	94	52	69	63	49	40	99	6	67	56	90	47	65	73	90	67	79	64	54	70	69	50	82	59	62	38	72	85	89	63	55	49	16	45	73	67	71	76	32	69	36	55	74	78	100	79	54	0	0	67	59	75	52	84	83	81	47	44	78	73	23	81	69	85	73	100	93	77	29	48	81	33	83	50	85	97	87	67	78	22	85	76	46	67	87	31	23	55	76	70	44	70	80	71	89	75	82	43	18	56	66	92	67	86	46	70	50	70	44	71	52	33	88	66	79	28	67	72	68	59	32	20	83	67	64	63	65	63	88	76	84	68	64	54	50	88	77	76	80	71	79	46	74	73	0	76	29	43	36	42	49	100	64	37	22	0	21	54	13	42	17	70	37	86	67	12	72	69	44	77	42	94	74	76	83	63	63	79	51	72	94	63	36	60	62	69	86	91	77	73	74	20	48	64	85	61	24	75	49	62	89	57	68	61	69	57	29	70	52	26	62	72	73	21	82	100	41	74	87	69	72	89	82	63	66	71	79	83	71	69	52	74	67	79	66	0	80	79	35	59	13	42	71	68	57	30	72	84	72	72	91	66	51	86	7	46	74	87	60	69	85	48	51	61	90	15	0
2020-08-23	37	False	83	88	58	18	36	14	78	30	72	45	69	25	57	47	76	49	60	50	14	94	69	37	66	53	81	81	70	5	38	35	69	31	48	98	37	61	88	88	23	0	13	32	52	92	0	41	80	69	65	89	59	52	80	77	78	67	55	79	17	81	57	82	76	34	61	72	69	71	76	55	100	32	84	55	45	89	61	84	26	0	65	100	100	17	53	0	78	38	54	93	32	22	85	83	86	21	47	62	14	53	0	61	74	78	56	60	79	44	47	82	64	64	46	60	58	69	70	57	68	70	73	72	53	73	54	69	58	46	64	0	84	42	66	80	41	74	71	84	54	47	31	68	18	68	69	66	64	42	54	47	80	31	75	63	45	68	48	58	89	26	78	62	95	50	55	63	69	60	76	46	44	67	62	45	76	49	70	52	80	82	77	46	64	47	22	48	69	75	57	72	80	85	50	59	100	84	58	66	51	0	33	72	54	78	51	83	84	82	41	51	73	80	27	78	67	84	57	71	100	82	0	64	74	47	79	48	72	89	87	75	76	25	83	86	70	75	73	8	40	60	71	89	40	59	94	61	75	86	76	28	53	59	76	82	77	63	40	64	48	45	38	72	47	32	84	47	82	69	63	76	68	55	28	76	81	65	71	55	0	52	84	75	64	61	67	55	51	88	76	80	54	57	76	50	80	48	0	88	34	42	30	20	83	16	53	38	21	0	23	67	14	39	58	0	48	77	66	59	71	71	45	70	45	91	70	69	77	100	47	72	55	54	35	65	42	57	62	67	86	82	79	64	24	59	59	43	80	67	23	77	48	54	82	73	65	66	60	52	28	52	25	25	45	70	70	61	81	79	67	67	85	57	68	90	76	66	82	63	75	78	76	67	56	66	65	70	71	0	73	74	26	48	6	66	67	88	62	48	63	70	89	68	72	67	50	78	9	22	68	80	70	66	81	58	49	78	97	16	0
2020-08-30	24	False	88	88	61	20	18	20	74	29	75	42	65	26	84	49	78	59	63	52	10	91	74	36	63	65	84	81	63	6	38	43	80	93	76	64	45	53	88	78	34	46	17	90	59	90	0	48	78	100	72	97	54	67	60	66	89	70	66	79	16	88	72	61	72	39	72	72	84	81	61	45	80	22	89	58	51	66	85	79	58	93	64	78	57	19	60	0	82	47	52	89	31	23	70	77	87	21	52	64	41	100	22	81	71	79	28	72	86	66	32	83	44	53	56	60	68	83	70	65	59	73	65	79	70	75	35	76	86	45	82	0	83	31	71	100	0	44	23	83	76	41	29	74	69	64	49	61	64	34	85	63	82	22	81	56	44	68	33	19	89	14	78	67	87	70	59	62	73	81	74	84	45	59	45	69	95	72	72	37	60	87	80	46	60	46	20	47	84	82	93	75	39	51	37	69	73	80	57	81	44	42	25	69	74	100	94	77	80	81	65	57	70	85	53	83	70	92	82	76	94	65	56	55	71	47	76	52	82	99	79	83	83	19	81	83	77	73	80	7	17	54	95	52	59	54	82	63	65	89	87	27	88	59	86	81	75	75	49	63	42	56	61	78	47	62	85	63	79	14	67	81	78	61	32	37	74	60	65	72	0	26	95	82	53	69	62	54	45	87	96	75	73	65	85	75	74	48	0	69	76	83	31	40	69	16	79	32	22	0	30	83	16	58	57	0	53	81	65	23	77	58	39	75	49	83	68	69	66	89	63	77	44	62	49	68	48	54	82	73	78	87	76	74	36	39	100	49	81	56	23	55	50	65	81	58	63	66	75	57	29	51	14	24	22	65	73	58	89	61	83	61	82	52	70	91	83	65	58	64	61	70	94	84	63	72	65	80	72	42	83	78	51	66	19	50	62	78	54	67	70	74	88	68	65	63	56	85	15	70	72	78	65	70	85	42	49	45	70	11	0
2020-09-06	48	False	87	93	59	12	44	54	74	39	73	87	79	31	74	48	71	55	68	67	17	100	71	37	65	62	90	84	45	4	42	34	84	79	29	0	43	83	89	80	23	47	14	51	55	95	0	35	75	85	54	97	56	64	56	79	86	86	66	68	16	87	70	74	81	48	52	73	76	76	60	67	83	63	73	52	46	63	82	87	71	0	67	74	54	20	68	79	77	57	58	92	75	23	56	81	76	23	75	70	14	60	22	100	81	74	55	47	80	75	35	72	25	58	24	52	47	84	85	59	58	75	73	73	68	64	9	73	38	52	98	96	72	42	68	76	0	29	71	92	63	69	28	61	69	72	61	72	73	27	32	61	80	20	67	62	33	87	34	38	84	14	57	68	89	49	61	64	63	70	73	54	43	86	94	47	93	63	65	22	80	86	90	63	70	0	25	56	57	56	79	68	34	70	45	65	71	79	54	79	62	0	17	72	79	100	61	100	82	81	66	50	66	78	32	83	70	87	70	79	91	75	56	64	62	16	71	54	67	87	79	98	82	20	74	79	61	63	74	23	22	53	57	67	74	50	81	61	65	79	84	14	53	52	35	91	68	68	56	63	43	84	62	96	49	51	85	86	84	55	77	71	57	64	43	10	72	66	73	74	21	52	50	71	72	80	60	74	47	86	85	89	65	66	73	60	72	69	0	68	71	64	30	40	85	32	62	34	24	0	25	55	15	50	75	34	48	64	51	47	75	74	54	62	44	87	66	64	74	73	58	72	70	86	70	71	42	56	88	59	80	78	83	82	0	39	42	39	80	74	23	61	44	79	88	48	63	76	87	48	27	39	43	26	23	75	73	45	77	64	67	100	83	46	75	75	80	100	68	87	66	86	74	49	72	77	61	76	69	86	82	65	35	64	0	38	71	91	28	68	67	72	83	72	60	38	62	96	14	35	70	79	68	67	84	48	63	39	80	18	0
2020-09-13	35	False	84	88	79	22	78	46	89	67	74	59	88	30	80	47	83	39	58	77	12	100	81	18	70	78	90	74	52	9	41	44	89	46	37	64	45	41	87	90	45	15	15	50	67	85	0	40	76	78	64	82	52	73	63	70	91	59	73	68	20	78	51	66	74	52	47	75	75	75	86	38	95	83	68	56	43	40	84	78	64	0	66	72	50	19	89	0	94	46	56	89	43	23	77	88	84	29	84	65	40	60	0	75	83	80	63	63	84	68	26	77	44	63	34	83	70	83	75	57	58	70	73	76	77	69	39	70	37	54	83	0	81	20	71	89	0	50	100	81	54	61	27	77	51	70	71	55	48	37	62	84	67	33	75	50	0	72	46	38	77	39	65	71	87	92	53	62	94	70	72	70	42	62	66	64	94	77	70	22	89	86	77	68	75	0	30	51	72	82	73	76	39	64	61	70	85	84	76	81	73	41	24	83	80	71	71	83	88	81	74	52	81	77	40	73	69	91	67	73	95	79	28	79	67	15	69	62	78	84	80	99	80	25	77	81	56	66	90	22	5	56	75	61	48	51	77	56	78	70	75	13	69	74	45	86	70	67	71	69	59	72	70	83	56	49	75	87	82	13	78	68	88	59	34	46	79	53	74	79	0	76	100	83	89	94	68	61	49	87	96	82	72	60	92	73	96	63	0	62	100	41	29	20	99	16	68	37	25	0	30	68	15	42	73	33	29	65	83	34	78	90	53	93	45	89	59	69	73	77	70	65	73	56	27	69	51	62	51	46	83	80	76	75	12	29	37	64	92	70	21	54	47	69	83	54	66	75	87	55	28	73	74	33	29	76	66	79	75	57	73	76	77	38	66	70	88	85	77	69	76	69	76	71	74	74	64	81	95	0	84	88	50	70	19	59	74	80	80	56	82	85	81	74	77	84	71	88	8	65	64	72	57	73	79	45	41	70	74	15	42
2020-09-20	24	False	90	86	71	25	35	47	88	52	73	58	86	28	95	51	86	67	60	59	10	98	77	37	68	82	91	91	57	3	41	35	81	32	38	66	47	53	90	80	12	16	14	58	64	89	0	49	73	75	66	93	49	84	76	86	75	51	60	77	21	85	57	67	75	48	64	68	80	86	83	51	88	58	69	58	44	53	77	87	58	0	70	76	55	25	60	39	82	38	46	89	69	25	72	88	66	26	75	67	82	62	0	72	77	79	37	64	87	69	47	78	38	53	28	58	55	71	63	83	62	68	72	77	64	70	50	76	38	46	84	48	81	11	61	80	61	44	39	91	67	26	29	71	17	72	53	49	58	38	32	60	89	47	66	51	22	77	34	19	78	20	65	82	91	81	54	64	81	66	75	78	54	88	78	60	97	90	71	73	93	88	80	54	77	0	23	43	65	79	70	79	43	78	54	68	100	87	59	89	57	0	0	83	67	81	75	93	100	86	79	48	63	69	41	67	71	90	68	74	94	76	28	76	91	16	68	65	84	82	87	74	84	31	69	86	40	68	80	46	22	68	68	62	50	62	60	61	73	73	73	55	35	67	100	84	84	55	65	90	67	67	80	89	58	70	85	64	82	27	91	83	85	58	58	67	77	68	83	84	21	60	77	90	58	88	68	71	47	90	98	80	71	62	88	75	89	62	0	77	99	64	31	0	59	16	73	39	28	0	26	74	15	69	92	33	48	76	87	0	87	83	47	69	43	83	86	68	65	57	74	73	50	65	63	81	60	64	62	70	86	77	77	63	59	49	75	65	81	55	23	48	57	75	85	72	76	77	89	54	29	72	50	27	30	75	58	47	82	65	63	65	78	41	63	71	91	74	77	63	66	81	79	91	76	77	68	78	65	0	93	95	95	64	13	50	72	77	28	19	71	81	79	65	76	98	76	86	9	76	65	74	48	68	83	53	55	69	81	11	0
2020-09-27	13	False	89	87	71	24	38	14	80	100	74	64	77	35	65	56	93	98	79	65	24	99	75	59	71	75	89	82	38	4	42	38	85	100	61	35	49	76	91	77	37	17	14	34	71	93	0	66	67	82	77	71	48	84	62	78	73	97	73	82	23	82	85	77	76	31	34	75	74	83	100	51	87	100	91	59	50	60	77	80	62	0	43	73	52	26	56	0	90	30	45	93	47	26	84	80	78	27	74	72	29	61	23	91	79	80	49	63	88	58	28	76	27	94	22	51	64	98	69	74	89	71	65	76	58	76	53	69	91	41	86	0	95	100	70	72	44	23	33	92	49	50	31	83	37	72	56	51	62	90	58	47	74	33	100	62	70	84	29	20	88	12	100	74	96	61	40	66	88	77	74	57	46	99	86	44	93	75	73	47	69	85	76	77	71	50	34	60	68	79	80	82	36	60	34	74	87	86	78	75	59	0	18	81	84	95	88	88	85	78	69	51	83	92	72	79	71	92	50	71	94	82	0	68	85	0	68	62	78	93	84	86	82	24	74	100	39	58	81	8	24	85	75	17	81	60	100	61	81	77	87	44	19	76	75	93	70	84	77	70	53	78	66	84	74	47	83	59	94	29	51	77	70	67	55	10	79	49	77	88	89	9	90	94	72	92	63	61	55	90	91	75	50	62	85	87	78	64	0	69	69	67	31	43	63	34	78	40	29	0	27	68	12	60	35	36	38	63	78	37	79	93	59	78	44	90	80	83	65	70	73	72	74	48	82	74	90	69	76	48	83	81	74	74	89	62	80	49	83	64	23	92	51	88	87	84	68	96	94	55	31	90	50	27	56	86	68	54	75	98	62	54	80	44	74	91	85	59	31	74	84	66	84	57	59	80	72	73	66	45	98	90	46	54	27	56	86	72	29	51	81	78	82	68	76	67	68	87	15	91	69	73	63	65	82	57	59	73	91	20	0
2020-10-04	26	False	90	91	56	30	48	51	65	32	73	65	95	37	75	48	87	46	62	57	18	94	100	69	73	63	85	82	36	2	44	45	96	67	41	35	47	65	92	87	100	34	16	21	65	94	100	59	75	81	52	85	49	100	91	69	84	81	74	79	25	80	98	78	76	28	65	64	78	82	92	62	89	77	66	61	51	27	82	89	70	0	60	82	46	27	24	0	87	71	79	88	74	30	68	74	87	29	85	80	0	54	48	75	81	82	70	73	91	79	25	86	41	81	26	64	68	91	74	59	67	79	72	73	63	100	53	83	62	52	87	51	86	45	74	68	66	67	51	93	71	57	33	64	0	77	69	54	84	49	63	62	81	42	79	56	24	77	22	62	82	18	80	75	94	48	77	66	92	75	69	86	54	89	68	71	92	99	81	79	86	78	68	52	74	51	23	60	69	78	79	77	52	60	51	72	74	79	37	99	84	45	53	80	88	92	66	96	86	82	100	72	69	78	54	75	74	92	66	72	92	72	0	96	84	17	68	61	72	85	82	85	87	23	72	85	26	72	61	33	54	83	62	61	100	43	73	57	84	82	77	59	38	84	31	83	67	68	58	75	65	85	80	74	72	34	87	46	80	29	93	79	66	68	91	71	74	86	87	89	68	65	89	90	65	86	73	81	64	91	100	79	76	70	100	56	92	84	0	74	70	11	35	22	51	17	68	28	33	51	27	78	15	100	54	36	19	92	76	38	100	100	55	80	46	87	75	67	54	73	50	100	75	62	60	71	68	52	71	82	85	78	83	71	64	32	67	67	83	71	24	60	66	64	82	100	71	95	100	58	33	59	43	28	32	61	60	72	79	71	60	86	79	40	79	88	86	75	50	80	85	85	90	60	60	78	64	81	70	0	94	82	74	52	7	57	56	90	52	62	61	89	92	78	60	34	56	87	16	55	70	74	74	69	81	60	45	81	90	9	46
2020-10-11	14	False	90	89	63	30	63	24	82	60	72	87	64	41	77	45	83	44	65	92	16	94	74	43	73	62	96	73	26	3	41	36	97	37	45	38	49	36	92	62	54	18	14	53	76	93	0	40	74	78	83	77	48	94	78	79	100	59	71	83	25	78	64	76	73	46	33	76	83	85	81	49	96	63	48	61	54	59	54	85	46	0	69	72	54	25	36	61	83	56	49	93	52	28	80	95	77	36	69	83	65	56	0	78	80	82	76	30	92	86	41	81	60	100	37	59	68	90	99	100	81	81	69	78	63	81	32	79	79	52	87	0	92	24	75	60	0	43	37	85	75	61	31	81	61	76	85	71	81	90	84	97	88	56	99	58	52	82	48	68	79	23	80	72	91	75	56	71	100	74	74	100	49	80	86	73	95	60	74	26	84	95	78	57	86	0	28	66	61	74	72	81	53	86	50	74	90	94	85	85	77	0	29	72	46	97	55	82	82	85	92	48	66	92	58	75	75	88	75	73	89	77	0	45	73	18	69	53	84	97	86	97	84	22	67	91	24	64	84	36	26	69	61	67	54	57	88	66	87	95	85	16	83	73	75	78	71	62	47	67	74	60	76	54	46	22	85	65	83	16	93	79	55	75	57	11	78	57	92	65	0	81	79	90	59	88	74	76	49	94	97	86	55	74	66	81	88	77	0	80	73	49	40	47	55	76	73	29	29	0	30	88	100	64	48	0	28	94	70	27	77	61	49	82	56	96	76	69	67	79	81	79	58	44	41	87	61	63	75	68	84	95	68	68	14	12	74	50	86	84	27	75	62	78	87	77	72	90	59	68	34	87	51	30	61	87	63	71	78	63	59	66	79	44	67	77	89	74	51	73	66	76	84	67	51	87	73	76	74	100	95	90	100	63	15	56	92	84	24	45	85	84	92	57	71	82	61	92	16	82	71	78	59	77	85	61	57	72	79	15	100
2020-10-18	43	False	100	94	73	36	63	16	90	30	68	62	89	100	87	53	88	61	69	53	15	100	81	22	72	60	92	100	49	2	41	40	69	74	68	39	47	63	97	82	55	37	13	54	67	97	0	65	70	81	65	88	48	87	100	87	92	65	72	87	25	87	62	60	74	56	29	100	84	74	94	49	98	64	94	61	55	74	79	83	54	0	66	84	45	22	54	0	76	79	56	99	67	29	78	76	81	36	100	80	16	58	0	75	83	85	66	61	90	78	38	81	53	83	29	69	55	92	87	68	69	68	72	79	74	76	37	76	68	59	75	0	91	37	75	71	73	57	47	88	87	68	32	86	41	68	78	54	70	68	43	79	98	40	83	65	0	85	0	68	83	27	71	68	99	92	51	74	76	66	78	86	54	91	84	65	95	77	72	17	79	100	85	69	78	56	31	79	53	89	80	100	81	85	74	71	79	80	69	89	46	100	30	82	82	94	56	81	77	89	71	50	70	93	64	74	75	90	75	69	93	89	0	91	83	19	68	58	82	87	88	90	93	32	79	87	39	73	82	54	33	63	75	49	63	41	70	55	74	54	86	98	42	96	14	92	68	58	67	80	71	67	62	70	58	22	88	76	93	16	57	76	65	79	100	45	80	54	75	80	100	41	99	99	80	100	70	56	48	95	91	83	60	85	76	66	91	87	0	78	71	37	38	48	45	19	82	45	30	0	32	99	16	64	88	0	35	92	67	28	85	63	65	79	65	92	78	76	68	62	68	83	100	68	75	80	54	50	63	66	81	86	84	89	71	81	35	58	91	73	27	15	55	86	84	70	73	78	94	59	31	61	39	24	71	86	61	86	78	93	60	76	81	40	80	78	87	75	59	79	95	71	78	83	52	87	71	79	84	0	93	87	81	39	8	86	100	83	32	23	52	83	69	58	76	60	69	89	15	68	71	77	65	86	92	62	58	46	96	100	0
2020-10-25	0	False	91	86	80	18	63	32	87	30	63	65	66	70	86	38	83	61	80	56	14	95	85	22	81	56	94	77	22	3	39	43	90	18	45	38	50	22	93	88	68	37	12	69	57	94	0	73	65	77	67	93	48	99	79	79	71	59	78	90	25	77	51	65	71	37	52	58	86	88	87	61	83	27	80	60	58	63	84	85	100	0	59	77	53	27	54	0	91	45	54	96	22	30	90	76	80	29	66	75	65	57	26	75	79	81	44	51	89	76	28	77	30	72	33	78	59	79	75	82	64	74	69	77	44	72	47	78	79	56	55	0	96	37	72	67	24	52	28	81	67	80	33	91	41	75	57	50	70	100	32	92	91	100	74	72	26	79	32	0	86	34	77	73	94	81	50	67	76	73	76	85	45	66	70	44	94	86	100	61	83	92	70	48	72	0	28	72	61	73	85	72	33	73	62	68	70	87	40	97	68	0	20	84	67	81	73	74	75	87	62	52	58	91	69	83	74	88	73	88	89	100	100	55	83	37	63	62	71	90	80	90	85	20	77	81	72	69	82	0	40	71	58	43	54	40	94	50	72	71	82	33	42	54	34	82	62	72	100	75	78	67	66	100	67	52	89	100	79	16	77	73	75	70	79	56	80	52	81	76	25	82	55	68	71	93	60	31	64	90	91	71	63	83	87	55	71	61	99	78	54	62	35	24	71	38	60	43	32	0	27	76	18	41	49	0	49	81	64	28	83	89	58	82	43	89	70	75	70	74	36	83	47	59	17	68	70	53	71	92	100	86	81	80	28	12	55	70	88	85	26	60	56	91	80	73	71	67	89	65	30	76	86	24	62	89	54	45	75	61	78	75	75	29	76	81	96	69	27	84	90	57	70	90	50	85	76	83	83	100	86	84	80	71	23	56	100	89	40	23	69	85	100	60	69	75	47	85	15	64	74	76	55	97	81	91	41	88	85	21	0
2020-11-01	35	False	72	74	52	18	17	13	62	34	56	62	62	35	79	41	69	69	62	69	15	80	67	0	61	66	73	68	34	1	34	46	67	0	56	98	37	44	76	67	46	0	14	44	51	77	0	28	53	72	61	77	40	66	40	61	60	46	45	70	23	64	69	54	61	26	43	59	69	62	76	56	72	39	50	49	45	64	67	77	32	0	71	60	40	23	44	25	75	0	47	79	37	27	74	65	68	28	56	67	40	62	22	53	66	67	54	17	72	57	20	72	56	56	20	75	72	67	61	58	64	57	63	54	53	57	45	74	37	40	72	0	74	21	58	56	100	29	31	73	57	63	27	77	34	56	77	45	62	22	63	65	67	38	65	49	65	57	20	37	64	19	59	64	73	46	30	61	74	64	64	62	42	73	60	37	80	46	76	21	63	70	63	44	48	0	15	36	52	74	51	80	34	51	56	53	68	72	68	62	51	41	8	72	63	62	64	69	84	71	56	45	53	69	50	61	62	76	57	53	62	55	0	58	67	15	50	48	64	69	66	62	65	23	54	70	28	61	70	15	27	69	56	66	30	31	80	41	53	63	69	54	0	81	47	69	49	69	48	87	54	66	44	79	60	19	72	47	67	27	77	59	47	44	23	28	57	91	68	63	0	34	71	71	61	76	43	50	44	75	82	69	61	51	70	61	51	61	0	68	30	63	29	0	55	31	49	37	24	0	29	57	13	47	50	0	53	87	58	11	77	61	36	72	58	68	62	59	45	54	51	73	49	20	34	62	38	59	68	58	66	62	66	64	23	38	65	57	68	61	19	39	52	76	62	60	53	58	79	56	28	94	53	24	37	81	44	44	61	62	63	45	60	30	65	67	68	77	44	77	49	58	70	62	43	69	55	76	53	42	68	71	51	50	6	61	51	71	14	38	58	64	68	48	54	65	55	72	16	53	56	62	43	75	68	96	41	46	41	12	0
2020-11-08	0	False	93	90	69	29	40	61	81	48	64	63	81	37	64	48	82	42	63	62	17	95	76	21	81	50	90	83	66	4	40	42	73	53	54	73	45	69	95	77	26	0	17	58	74	91	0	69	68	92	64	75	47	75	70	72	68	59	81	84	28	74	62	87	69	53	68	71	80	66	93	29	79	81	64	58	56	35	86	86	44	0	46	73	54	29	43	29	83	43	49	88	64	30	71	78	51	27	22	81	31	67	50	85	81	77	42	53	92	71	27	81	43	60	36	74	47	88	75	66	59	72	82	72	69	85	60	79	76	67	80	0	87	47	67	69	46	42	53	86	77	65	34	93	0	76	64	52	100	82	91	100	90	76	72	70	100	64	53	22	83	26	71	68	85	82	52	75	57	66	73	60	49	62	78	57	90	79	97	83	90	96	74	59	64	0	29	54	64	78	52	80	32	68	34	67	86	86	43	71	67	0	19	81	47	57	61	90	87	86	63	48	52	96	61	80	76	93	72	63	83	82	0	63	97	89	69	55	85	82	84	79	72	22	64	88	28	77	87	26	51	74	49	59	74	58	100	54	73	65	87	47	20	74	33	85	60	71	77	76	78	45	64	51	70	35	87	67	76	62	82	79	75	75	39	85	78	58	59	77	24	49	71	65	79	82	50	67	52	89	87	80	41	68	91	69	57	47	0	99	51	59	37	0	53	18	55	44	35	0	27	63	17	55	74	0	47	100	74	53	98	79	49	78	47	77	68	68	63	69	71	73	62	47	71	59	90	60	100	70	85	79	76	76	41	78	85	59	94	71	26	53	59	76	77	62	77	61	69	63	34	62	57	33	17	76	55	59	70	67	70	69	74	35	67	81	82	74	56	99	74	78	73	70	51	95	70	84	60	0	88	96	29	68	43	57	74	98	100	32	64	75	73	62	76	65	66	82	16	76	76	73	46	77	78	100	39	55	80	16	48
2020-11-15	28	False	84	89	86	21	31	39	92	40	66	73	95	40	81	49	87	53	61	52	26	99	85	43	69	88	96	77	48	2	42	31	88	54	99	38	49	83	94	84	67	18	27	44	71	94	0	56	69	82	77	81	47	81	80	82	64	68	60	100	27	83	58	73	73	24	69	90	79	77	95	85	95	83	58	65	62	51	76	92	15	0	71	80	55	30	52	30	92	55	55	94	65	35	37	75	88	32	89	83	79	55	51	80	87	77	21	64	93	63	27	100	51	57	24	62	88	81	86	66	81	71	81	68	69	82	99	75	88	59	100	0	87	97	92	85	24	64	27	93	58	55	36	72	100	80	85	58	51	75	47	86	77	61	69	67	26	76	24	22	91	16	73	78	100	62	40	79	51	78	81	65	52	74	100	39	98	60	97	85	95	86	76	56	63	0	27	67	47	83	96	89	66	54	54	65	99	88	62	77	78	0	67	93	53	92	58	82	93	86	77	61	59	99	42	82	79	89	62	89	88	93	32	78	98	18	63	52	85	96	79	75	78	31	66	87	23	80	87	18	84	92	60	48	58	48	68	57	71	84	87	79	81	74	41	88	61	58	65	98	52	71	81	61	82	37	91	89	90	47	58	71	78	72	57	44	76	66	70	75	0	70	72	83	74	80	71	57	59	93	95	81	63	70	88	61	59	96	0	71	49	49	43	23	62	56	78	46	37	0	32	89	13	47	58	77	55	81	85	54	97	60	49	79	45	75	83	84	70	79	47	75	98	52	24	75	89	59	99	67	79	79	83	83	14	34	72	72	100	60	28	45	59	82	78	75	69	69	69	66	38	71	100	26	52	82	56	42	76	67	51	47	77	33	81	87	85	48	44	85	89	71	69	71	53	95	84	85	67	49	96	87	50	100	37	78	89	80	80	100	71	90	87	49	58	44	67	86	26	84	71	76	56	77	84	91	40	76	72	13	0
2020-11-22	29	False	93	87	61	22	42	41	78	25	55	57	74	30	77	44	67	51	63	84	17	83	47	11	62	42	83	57	35	2	37	40	73	0	23	0	42	59	95	91	55	0	14	31	62	90	0	41	59	83	42	81	84	48	41	66	69	60	58	79	32	71	65	64	70	56	34	52	76	76	65	54	75	43	56	66	55	49	73	76	47	0	42	73	59	28	45	31	73	45	39	100	30	32	88	88	69	25	47	82	33	54	26	71	68	69	66	61	76	57	32	85	46	47	25	37	59	57	80	58	63	74	75	57	53	72	59	81	46	50	55	0	72	37	72	78	0	66	38	73	55	56	33	67	0	66	80	47	47	64	43	63	86	40	71	52	26	76	32	0	84	10	54	66	88	59	39	74	90	54	84	41	45	67	57	47	94	55	80	88	74	88	73	39	75	0	16	28	79	61	66	64	47	62	54	49	63	69	46	60	46	0	89	66	43	62	78	69	62	65	46	37	56	83	37	95	73	76	59	75	75	65	67	51	81	19	65	58	78	86	75	61	72	22	64	64	34	75	75	18	47	64	75	99	67	47	73	52	63	81	76	33	42	53	62	89	79	87	64	78	41	74	48	58	69	75	86	30	89	49	66	57	57	63	35	45	73	79	64	55	0	52	50	81	40	63	51	46	41	87	100	82	56	71	61	51	60	84	100	65	10	25	43	0	56	19	57	31	35	0	26	56	6	39	59	40	56	81	61	14	79	37	32	66	43	83	65	63	71	56	59	74	53	99	42	60	50	68	72	58	79	81	62	68	100	35	80	78	91	75	27	30	64	74	81	49	62	67	61	79	34	54	48	26	90	71	53	43	65	66	77	44	71	34	76	73	65	64	73	76	73	77	56	51	49	76	77	74	53	0	69	78	20	68	15	48	69	88	24	23	90	75	86	53	68	61	70	79	22	53	75	69	43	72	73	48	17	81	91	13	0
2020-11-29	14	False	91	91	65	31	10	31	90	38	63	50	80	31	87	50	77	61	58	74	22	97	87	31	73	100	89	77	52	2	44	42	68	52	43	73	49	73	96	67	52	35	15	51	73	93	0	62	63	86	83	84	46	72	58	100	79	50	65	72	29	67	69	68	73	47	50	63	78	72	76	43	96	46	71	68	63	60	75	83	73	0	53	79	56	35	60	87	84	43	50	93	85	33	56	75	65	28	63	81	62	56	100	95	82	73	10	24	82	81	20	82	72	56	36	70	74	73	89	82	57	76	85	70	58	82	50	79	22	56	64	0	92	35	84	75	46	67	35	88	62	23	34	91	20	76	79	49	39	48	51	78	100	32	71	90	50	89	30	43	85	100	63	80	91	87	39	80	98	69	81	69	47	84	87	68	97	82	84	41	100	85	77	37	57	0	24	63	88	77	74	72	45	74	65	68	75	80	38	65	67	48	56	69	61	96	86	89	76	86	59	52	59	76	56	79	75	79	37	76	83	93	32	67	81	18	63	57	77	85	79	57	71	27	69	87	73	64	87	17	76	90	71	47	63	39	89	53	65	79	91	15	60	80	72	86	63	55	74	59	44	51	43	55	74	50	89	52	84	15	73	58	67	82	25	85	67	70	63	63	0	78	49	90	26	86	55	17	43	88	91	72	19	62	57	60	70	89	0	69	58	23	40	23	64	36	56	51	38	0	30	75	12	70	65	0	80	77	80	0	87	57	51	71	40	74	71	74	69	61	62	79	61	74	32	69	74	63	81	68	81	88	76	80	40	78	85	66	85	79	27	63	71	85	78	54	81	78	97	74	33	76	65	29	42	76	65	84	73	54	70	60	63	32	65	90	78	47	39	77	63	65	87	70	51	94	64	77	65	0	90	87	38	71	14	51	57	90	38	86	76	80	70	67	60	57	75	91	23	39	75	69	58	76	84	87	24	51	76	15	0
2020-12-06	14	False	96	80	83	25	30	31	85	39	64	57	63	39	83	100	82	59	50	88	19	96	74	21	74	74	96	70	47	2	39	37	77	90	97	37	62	90	95	92	80	0	100	36	66	95	0	32	70	85	67	72	53	71	71	74	75	76	91	77	27	63	52	72	72	36	100	68	82	75	68	36	86	51	51	65	67	36	77	82	51	0	76	76	48	28	51	59	80	32	51	93	71	32	70	84	58	32	67	87	31	54	0	94	82	91	21	53	86	58	40	88	72	66	40	88	65	91	72	76	70	79	84	67	66	72	62	84	43	100	76	0	84	24	95	89	93	75	80	90	66	42	34	84	20	78	100	60	61	26	47	69	70	41	68	77	63	73	31	44	85	52	64	79	98	73	19	77	66	76	78	55	47	61	92	53	96	56	81	42	85	79	77	58	78	0	22	49	46	100	64	87	39	60	28	64	78	80	44	76	57	48	56	72	86	86	53	82	70	72	67	59	58	92	47	83	76	89	48	74	85	72	0	67	90	36	64	56	70	98	74	61	69	26	55	88	60	84	82	44	89	93	68	88	72	41	69	53	86	85	83	16	60	97	40	83	71	91	74	78	43	96	78	86	69	29	90	73	100	31	54	71	100	75	35	87	77	86	56	68	24	20	88	98	35	73	55	39	56	94	99	77	54	61	76	90	58	92	0	69	42	48	43	0	100	73	63	46	39	0	29	85	15	53	47	0	68	73	77	53	79	62	54	82	34	79	55	75	68	75	68	77	68	51	56	81	64	73	72	100	80	77	77	79	27	100	81	33	89	87	30	64	63	77	85	62	73	94	99	80	32	100	45	31	43	55	64	58	78	64	60	80	69	39	70	82	80	69	60	77	69	80	77	54	54	93	61	97	100	49	88	80	49	83	43	34	90	83	55	44	75	85	73	60	59	61	40	86	16	58	72	75	62	74	79	70	16	82	80	18	0
